token,axis,sem_class,example_id,instruction,video_a,video_b,pred,score,preferred,correct
enormous,size,BIG,v4size_enormous_v4_ex_000041_0_0,fetch the enormous purple block,data/raw/v4_new_axes/videos/v4_fab31db947d8cf16.mp4,data/raw/v4_new_axes/videos/v4_a92428a5788b0431.mp4,A,0.947637140750885,A,1
enormous,size,BIG,v4size_enormous_v4_ex_000041_0_1,retrieve the enormous purple block,data/raw/v4_new_axes/videos/v4_fab31db947d8cf16.mp4,data/raw/v4_new_axes/videos/v4_a92428a5788b0431.mp4,A,0.939253032207489,A,1
enormous,size,BIG,v4size_enormous_v4_ex_000041_0_2,secure the enormous purple block,data/raw/v4_new_axes/videos/v4_fab31db947d8cf16.mp4,data/raw/v4_new_axes/videos/v4_a92428a5788b0431.mp4,A,0.904169499874115,A,1
enormous,size,BIG,v4size_enormous_v4_ex_000042_0_0,fetch the enormous blue block,data/raw/v4_new_axes/videos/v4_6e73dafc821d8ae3.mp4,data/raw/v4_new_axes/videos/v4_d5f10d220d4f121a.mp4,B,0.01318194530904293,B,1
enormous,size,BIG,v4size_enormous_v4_ex_000042_0_1,retrieve the enormous blue block,data/raw/v4_new_axes/videos/v4_6e73dafc821d8ae3.mp4,data/raw/v4_new_axes/videos/v4_d5f10d220d4f121a.mp4,B,0.026566101238131523,B,1
enormous,size,BIG,v4size_enormous_v4_ex_000042_0_2,secure the enormous blue block,data/raw/v4_new_axes/videos/v4_6e73dafc821d8ae3.mp4,data/raw/v4_new_axes/videos/v4_d5f10d220d4f121a.mp4,B,0.020559147000312805,B,1
enormous,size,BIG,v4size_enormous_v4_ex_000062_1_0,fetch the enormous purple block,data/raw/v4_new_axes/videos/v4_ab673412a18e1ed9.mp4,data/raw/v4_new_axes/videos/v4_45bea910dc153833.mp4,B,0.0009170863195322454,B,1
enormous,size,BIG,v4size_enormous_v4_ex_000062_1_1,retrieve the enormous purple block,data/raw/v4_new_axes/videos/v4_ab673412a18e1ed9.mp4,data/raw/v4_new_axes/videos/v4_45bea910dc153833.mp4,B,0.0010580698726698756,B,1
enormous,size,BIG,v4size_enormous_v4_ex_000062_1_2,secure the enormous purple block,data/raw/v4_new_axes/videos/v4_ab673412a18e1ed9.mp4,data/raw/v4_new_axes/videos/v4_45bea910dc153833.mp4,B,0.002206214936450124,B,1
enormous,size,BIG,v4size_enormous_v4_ex_000185_0_0,fetch the enormous yellow block,data/raw/v4_new_axes/videos/v4_e7d122ae84fc67df.mp4,data/raw/v4_new_axes/videos/v4_3c5742bd57fdda14.mp4,A,0.9958847165107727,B,0
enormous,size,BIG,v4size_enormous_v4_ex_000185_0_1,retrieve the enormous yellow block,data/raw/v4_new_axes/videos/v4_e7d122ae84fc67df.mp4,data/raw/v4_new_axes/videos/v4_3c5742bd57fdda14.mp4,A,0.9971275925636292,B,0
enormous,size,BIG,v4size_enormous_v4_ex_000185_0_2,secure the enormous yellow block,data/raw/v4_new_axes/videos/v4_e7d122ae84fc67df.mp4,data/raw/v4_new_axes/videos/v4_3c5742bd57fdda14.mp4,A,0.9972841739654541,B,0
enormous,size,BIG,v4size_enormous_v4_ex_000188_1_0,fetch the enormous cyan block,data/raw/v4_new_axes/videos/v4_9d74c542adba8bad.mp4,data/raw/v4_new_axes/videos/v4_7af7f45b4a9bd14a.mp4,B,0.05600714683532715,B,1
enormous,size,BIG,v4size_enormous_v4_ex_000188_1_1,retrieve the enormous cyan block,data/raw/v4_new_axes/videos/v4_9d74c542adba8bad.mp4,data/raw/v4_new_axes/videos/v4_7af7f45b4a9bd14a.mp4,B,0.009972275234758854,B,1
enormous,size,BIG,v4size_enormous_v4_ex_000188_1_2,secure the enormous cyan block,data/raw/v4_new_axes/videos/v4_9d74c542adba8bad.mp4,data/raw/v4_new_axes/videos/v4_7af7f45b4a9bd14a.mp4,B,0.033163174986839294,B,1
enormous,size,BIG,v4size_enormous_v4_ex_000290_1_0,fetch the enormous cyan block,data/raw/v4_new_axes/videos/v4_2cd2725efbd79d76.mp4,data/raw/v4_new_axes/videos/v4_c3ff0642091be12e.mp4,A,0.8309170007705688,A,1
enormous,size,BIG,v4size_enormous_v4_ex_000290_1_1,retrieve the enormous cyan block,data/raw/v4_new_axes/videos/v4_2cd2725efbd79d76.mp4,data/raw/v4_new_axes/videos/v4_c3ff0642091be12e.mp4,A,0.7756283283233643,A,1
enormous,size,BIG,v4size_enormous_v4_ex_000290_1_2,secure the enormous cyan block,data/raw/v4_new_axes/videos/v4_2cd2725efbd79d76.mp4,data/raw/v4_new_axes/videos/v4_c3ff0642091be12e.mp4,A,0.7219389081001282,A,1
enormous,size,BIG,v4size_enormous_v4_ex_000338_0_0,fetch the enormous red block,data/raw/v4_new_axes/videos/v4_a19130d2b8a49e88.mp4,data/raw/v4_new_axes/videos/v4_25a709d05df10665.mp4,A,0.9999539852142334,A,1
enormous,size,BIG,v4size_enormous_v4_ex_000338_0_1,retrieve the enormous red block,data/raw/v4_new_axes/videos/v4_a19130d2b8a49e88.mp4,data/raw/v4_new_axes/videos/v4_25a709d05df10665.mp4,A,0.9999620914459229,A,1
enormous,size,BIG,v4size_enormous_v4_ex_000338_0_2,secure the enormous red block,data/raw/v4_new_axes/videos/v4_a19130d2b8a49e88.mp4,data/raw/v4_new_axes/videos/v4_25a709d05df10665.mp4,A,0.9999579191207886,A,1
enormous,size,BIG,v4size_enormous_v4_ex_000373_1_0,fetch the enormous red block,data/raw/v4_new_axes/videos/v4_94649936bfaf61ea.mp4,data/raw/v4_new_axes/videos/v4_626a4a57afb61fa7.mp4,B,7.80703776399605e-05,B,1
enormous,size,BIG,v4size_enormous_v4_ex_000373_1_1,retrieve the enormous red block,data/raw/v4_new_axes/videos/v4_94649936bfaf61ea.mp4,data/raw/v4_new_axes/videos/v4_626a4a57afb61fa7.mp4,B,6.938698788871989e-05,B,1
enormous,size,BIG,v4size_enormous_v4_ex_000373_1_2,secure the enormous red block,data/raw/v4_new_axes/videos/v4_94649936bfaf61ea.mp4,data/raw/v4_new_axes/videos/v4_626a4a57afb61fa7.mp4,B,8.877944492269307e-05,B,1
enormous,size,BIG,v4size_enormous_v4_ex_000417_1_0,fetch the enormous purple block,data/raw/v4_new_axes/videos/v4_d40cbfa60c705cb9.mp4,data/raw/v4_new_axes/videos/v4_24aef358a43af16d.mp4,B,0.0007178634405136108,B,1
enormous,size,BIG,v4size_enormous_v4_ex_000417_1_1,retrieve the enormous purple block,data/raw/v4_new_axes/videos/v4_d40cbfa60c705cb9.mp4,data/raw/v4_new_axes/videos/v4_24aef358a43af16d.mp4,B,0.0008646576316095889,B,1
enormous,size,BIG,v4size_enormous_v4_ex_000417_1_2,secure the enormous purple block,data/raw/v4_new_axes/videos/v4_d40cbfa60c705cb9.mp4,data/raw/v4_new_axes/videos/v4_24aef358a43af16d.mp4,B,0.00111808767542243,B,1
enormous,size,BIG,v4size_enormous_v4_ex_000450_0_0,fetch the enormous red block,data/raw/v4_new_axes/videos/v4_df73e7097cb9cfe2.mp4,data/raw/v4_new_axes/videos/v4_0d8cbd2713ded351.mp4,B,0.21923284232616425,B,1
enormous,size,BIG,v4size_enormous_v4_ex_000450_0_1,retrieve the enormous red block,data/raw/v4_new_axes/videos/v4_df73e7097cb9cfe2.mp4,data/raw/v4_new_axes/videos/v4_0d8cbd2713ded351.mp4,B,0.11936261504888535,B,1
enormous,size,BIG,v4size_enormous_v4_ex_000450_0_2,secure the enormous red block,data/raw/v4_new_axes/videos/v4_df73e7097cb9cfe2.mp4,data/raw/v4_new_axes/videos/v4_0d8cbd2713ded351.mp4,B,0.15651056170463562,B,1
enormous,size,BIG,v4size_enormous_v4_ex_000460_1_0,fetch the enormous red block,data/raw/v4_new_axes/videos/v4_04ae57005db0be81.mp4,data/raw/v4_new_axes/videos/v4_1a3b539416577b1a.mp4,B,0.00021043131710030138,B,1
enormous,size,BIG,v4size_enormous_v4_ex_000460_1_1,retrieve the enormous red block,data/raw/v4_new_axes/videos/v4_04ae57005db0be81.mp4,data/raw/v4_new_axes/videos/v4_1a3b539416577b1a.mp4,B,0.00014358355838339776,B,1
enormous,size,BIG,v4size_enormous_v4_ex_000460_1_2,secure the enormous red block,data/raw/v4_new_axes/videos/v4_04ae57005db0be81.mp4,data/raw/v4_new_axes/videos/v4_1a3b539416577b1a.mp4,B,0.00023374659940600395,B,1
enormous,size,BIG,v4size_enormous_v4_ex_000462_0_0,fetch the enormous purple block,data/raw/v4_new_axes/videos/v4_5d5aca8b918f854f.mp4,data/raw/v4_new_axes/videos/v4_07567c6503b22595.mp4,B,0.009272861294448376,A,0
enormous,size,BIG,v4size_enormous_v4_ex_000462_0_1,retrieve the enormous purple block,data/raw/v4_new_axes/videos/v4_5d5aca8b918f854f.mp4,data/raw/v4_new_axes/videos/v4_07567c6503b22595.mp4,B,0.02175416238605976,A,0
enormous,size,BIG,v4size_enormous_v4_ex_000462_0_2,secure the enormous purple block,data/raw/v4_new_axes/videos/v4_5d5aca8b918f854f.mp4,data/raw/v4_new_axes/videos/v4_07567c6503b22595.mp4,B,0.030641810968518257,A,0
enormous,size,BIG,v4size_enormous_v4_ex_000517_0_0,fetch the enormous purple block,data/raw/v4_new_axes/videos/v4_0235d3e0ae90df31.mp4,data/raw/v4_new_axes/videos/v4_a0b751a3e25a6923.mp4,A,0.9999607801437378,A,1
enormous,size,BIG,v4size_enormous_v4_ex_000517_0_1,retrieve the enormous purple block,data/raw/v4_new_axes/videos/v4_0235d3e0ae90df31.mp4,data/raw/v4_new_axes/videos/v4_a0b751a3e25a6923.mp4,A,0.9999649524688721,A,1
enormous,size,BIG,v4size_enormous_v4_ex_000517_0_2,secure the enormous purple block,data/raw/v4_new_axes/videos/v4_0235d3e0ae90df31.mp4,data/raw/v4_new_axes/videos/v4_a0b751a3e25a6923.mp4,A,0.999934196472168,A,1
enormous,size,BIG,v4size_enormous_v4_ex_000524_1_0,fetch the enormous red block,data/raw/v4_new_axes/videos/v4_83d70aa69fe4ff01.mp4,data/raw/v4_new_axes/videos/v4_dfc009b2d51d89b8.mp4,A,0.9999626874923706,A,1
enormous,size,BIG,v4size_enormous_v4_ex_000524_1_1,retrieve the enormous red block,data/raw/v4_new_axes/videos/v4_83d70aa69fe4ff01.mp4,data/raw/v4_new_axes/videos/v4_dfc009b2d51d89b8.mp4,A,0.9999662637710571,A,1
enormous,size,BIG,v4size_enormous_v4_ex_000524_1_2,secure the enormous red block,data/raw/v4_new_axes/videos/v4_83d70aa69fe4ff01.mp4,data/raw/v4_new_axes/videos/v4_dfc009b2d51d89b8.mp4,A,0.9999680519104004,A,1
vast,size,BIG,v4size_vast_v4_ex_000041_0_0,fetch the vast purple block,data/raw/v4_new_axes/videos/v4_fab31db947d8cf16.mp4,data/raw/v4_new_axes/videos/v4_a92428a5788b0431.mp4,A,0.8433663249015808,A,1
vast,size,BIG,v4size_vast_v4_ex_000041_0_1,retrieve the vast purple block,data/raw/v4_new_axes/videos/v4_fab31db947d8cf16.mp4,data/raw/v4_new_axes/videos/v4_a92428a5788b0431.mp4,A,0.8715939521789551,A,1
vast,size,BIG,v4size_vast_v4_ex_000041_0_2,secure the vast purple block,data/raw/v4_new_axes/videos/v4_fab31db947d8cf16.mp4,data/raw/v4_new_axes/videos/v4_a92428a5788b0431.mp4,A,0.8346804976463318,A,1
vast,size,BIG,v4size_vast_v4_ex_000042_0_0,fetch the vast blue block,data/raw/v4_new_axes/videos/v4_6e73dafc821d8ae3.mp4,data/raw/v4_new_axes/videos/v4_d5f10d220d4f121a.mp4,B,0.029472125694155693,B,1
vast,size,BIG,v4size_vast_v4_ex_000042_0_1,retrieve the vast blue block,data/raw/v4_new_axes/videos/v4_6e73dafc821d8ae3.mp4,data/raw/v4_new_axes/videos/v4_d5f10d220d4f121a.mp4,B,0.04772397503256798,B,1
vast,size,BIG,v4size_vast_v4_ex_000042_0_2,secure the vast blue block,data/raw/v4_new_axes/videos/v4_6e73dafc821d8ae3.mp4,data/raw/v4_new_axes/videos/v4_d5f10d220d4f121a.mp4,B,0.044066172093153,B,1
vast,size,BIG,v4size_vast_v4_ex_000062_1_0,fetch the vast purple block,data/raw/v4_new_axes/videos/v4_ab673412a18e1ed9.mp4,data/raw/v4_new_axes/videos/v4_45bea910dc153833.mp4,B,0.008884869515895844,B,1
vast,size,BIG,v4size_vast_v4_ex_000062_1_1,retrieve the vast purple block,data/raw/v4_new_axes/videos/v4_ab673412a18e1ed9.mp4,data/raw/v4_new_axes/videos/v4_45bea910dc153833.mp4,B,0.005448842886835337,B,1
vast,size,BIG,v4size_vast_v4_ex_000062_1_2,secure the vast purple block,data/raw/v4_new_axes/videos/v4_ab673412a18e1ed9.mp4,data/raw/v4_new_axes/videos/v4_45bea910dc153833.mp4,B,0.010717563331127167,B,1
vast,size,BIG,v4size_vast_v4_ex_000185_0_0,fetch the vast yellow block,data/raw/v4_new_axes/videos/v4_e7d122ae84fc67df.mp4,data/raw/v4_new_axes/videos/v4_3c5742bd57fdda14.mp4,A,0.9853734970092773,B,0
vast,size,BIG,v4size_vast_v4_ex_000185_0_1,retrieve the vast yellow block,data/raw/v4_new_axes/videos/v4_e7d122ae84fc67df.mp4,data/raw/v4_new_axes/videos/v4_3c5742bd57fdda14.mp4,A,0.9948773980140686,B,0
vast,size,BIG,v4size_vast_v4_ex_000185_0_2,secure the vast yellow block,data/raw/v4_new_axes/videos/v4_e7d122ae84fc67df.mp4,data/raw/v4_new_axes/videos/v4_3c5742bd57fdda14.mp4,A,0.9917041063308716,B,0
vast,size,BIG,v4size_vast_v4_ex_000188_1_0,fetch the vast cyan block,data/raw/v4_new_axes/videos/v4_9d74c542adba8bad.mp4,data/raw/v4_new_axes/videos/v4_7af7f45b4a9bd14a.mp4,B,0.2647155225276947,B,1
vast,size,BIG,v4size_vast_v4_ex_000188_1_1,retrieve the vast cyan block,data/raw/v4_new_axes/videos/v4_9d74c542adba8bad.mp4,data/raw/v4_new_axes/videos/v4_7af7f45b4a9bd14a.mp4,B,0.0936616063117981,B,1
vast,size,BIG,v4size_vast_v4_ex_000188_1_2,secure the vast cyan block,data/raw/v4_new_axes/videos/v4_9d74c542adba8bad.mp4,data/raw/v4_new_axes/videos/v4_7af7f45b4a9bd14a.mp4,B,0.07899262756109238,B,1
vast,size,BIG,v4size_vast_v4_ex_000290_1_0,fetch the vast cyan block,data/raw/v4_new_axes/videos/v4_2cd2725efbd79d76.mp4,data/raw/v4_new_axes/videos/v4_c3ff0642091be12e.mp4,A,0.7509719729423523,A,1
vast,size,BIG,v4size_vast_v4_ex_000290_1_1,retrieve the vast cyan block,data/raw/v4_new_axes/videos/v4_2cd2725efbd79d76.mp4,data/raw/v4_new_axes/videos/v4_c3ff0642091be12e.mp4,A,0.6909937262535095,A,1
vast,size,BIG,v4size_vast_v4_ex_000290_1_2,secure the vast cyan block,data/raw/v4_new_axes/videos/v4_2cd2725efbd79d76.mp4,data/raw/v4_new_axes/videos/v4_c3ff0642091be12e.mp4,A,0.6539222002029419,A,1
vast,size,BIG,v4size_vast_v4_ex_000338_0_0,fetch the vast red block,data/raw/v4_new_axes/videos/v4_a19130d2b8a49e88.mp4,data/raw/v4_new_axes/videos/v4_25a709d05df10665.mp4,A,0.9988071918487549,A,1
vast,size,BIG,v4size_vast_v4_ex_000338_0_1,retrieve the vast red block,data/raw/v4_new_axes/videos/v4_a19130d2b8a49e88.mp4,data/raw/v4_new_axes/videos/v4_25a709d05df10665.mp4,A,0.9997836947441101,A,1
vast,size,BIG,v4size_vast_v4_ex_000338_0_2,secure the vast red block,data/raw/v4_new_axes/videos/v4_a19130d2b8a49e88.mp4,data/raw/v4_new_axes/videos/v4_25a709d05df10665.mp4,A,0.9996644258499146,A,1
vast,size,BIG,v4size_vast_v4_ex_000373_1_0,fetch the vast red block,data/raw/v4_new_axes/videos/v4_94649936bfaf61ea.mp4,data/raw/v4_new_axes/videos/v4_626a4a57afb61fa7.mp4,B,0.0017522674752399325,B,1
vast,size,BIG,v4size_vast_v4_ex_000373_1_1,retrieve the vast red block,data/raw/v4_new_axes/videos/v4_94649936bfaf61ea.mp4,data/raw/v4_new_axes/videos/v4_626a4a57afb61fa7.mp4,B,0.00043823503074236214,B,1
vast,size,BIG,v4size_vast_v4_ex_000373_1_2,secure the vast red block,data/raw/v4_new_axes/videos/v4_94649936bfaf61ea.mp4,data/raw/v4_new_axes/videos/v4_626a4a57afb61fa7.mp4,B,0.0009401838760823011,B,1
vast,size,BIG,v4size_vast_v4_ex_000417_1_0,fetch the vast purple block,data/raw/v4_new_axes/videos/v4_d40cbfa60c705cb9.mp4,data/raw/v4_new_axes/videos/v4_24aef358a43af16d.mp4,B,0.003821614198386669,B,1
vast,size,BIG,v4size_vast_v4_ex_000417_1_1,retrieve the vast purple block,data/raw/v4_new_axes/videos/v4_d40cbfa60c705cb9.mp4,data/raw/v4_new_axes/videos/v4_24aef358a43af16d.mp4,B,0.0032447497360408306,B,1
vast,size,BIG,v4size_vast_v4_ex_000417_1_2,secure the vast purple block,data/raw/v4_new_axes/videos/v4_d40cbfa60c705cb9.mp4,data/raw/v4_new_axes/videos/v4_24aef358a43af16d.mp4,B,0.004867736250162125,B,1
vast,size,BIG,v4size_vast_v4_ex_000450_0_0,fetch the vast red block,data/raw/v4_new_axes/videos/v4_df73e7097cb9cfe2.mp4,data/raw/v4_new_axes/videos/v4_0d8cbd2713ded351.mp4,B,0.46022915840148926,B,1
vast,size,BIG,v4size_vast_v4_ex_000450_0_1,retrieve the vast red block,data/raw/v4_new_axes/videos/v4_df73e7097cb9cfe2.mp4,data/raw/v4_new_axes/videos/v4_0d8cbd2713ded351.mp4,B,0.2163970172405243,B,1
vast,size,BIG,v4size_vast_v4_ex_000450_0_2,secure the vast red block,data/raw/v4_new_axes/videos/v4_df73e7097cb9cfe2.mp4,data/raw/v4_new_axes/videos/v4_0d8cbd2713ded351.mp4,B,0.2813563942909241,B,1
vast,size,BIG,v4size_vast_v4_ex_000460_1_0,fetch the vast red block,data/raw/v4_new_axes/videos/v4_04ae57005db0be81.mp4,data/raw/v4_new_axes/videos/v4_1a3b539416577b1a.mp4,B,0.004226416815072298,B,1
vast,size,BIG,v4size_vast_v4_ex_000460_1_1,retrieve the vast red block,data/raw/v4_new_axes/videos/v4_04ae57005db0be81.mp4,data/raw/v4_new_axes/videos/v4_1a3b539416577b1a.mp4,B,0.0012588485842570662,B,1
vast,size,BIG,v4size_vast_v4_ex_000460_1_2,secure the vast red block,data/raw/v4_new_axes/videos/v4_04ae57005db0be81.mp4,data/raw/v4_new_axes/videos/v4_1a3b539416577b1a.mp4,B,0.0022016996517777443,B,1
vast,size,BIG,v4size_vast_v4_ex_000462_0_0,fetch the vast purple block,data/raw/v4_new_axes/videos/v4_5d5aca8b918f854f.mp4,data/raw/v4_new_axes/videos/v4_07567c6503b22595.mp4,B,0.0172114297747612,A,0
vast,size,BIG,v4size_vast_v4_ex_000462_0_1,retrieve the vast purple block,data/raw/v4_new_axes/videos/v4_5d5aca8b918f854f.mp4,data/raw/v4_new_axes/videos/v4_07567c6503b22595.mp4,B,0.03408998250961304,A,0
vast,size,BIG,v4size_vast_v4_ex_000462_0_2,secure the vast purple block,data/raw/v4_new_axes/videos/v4_5d5aca8b918f854f.mp4,data/raw/v4_new_axes/videos/v4_07567c6503b22595.mp4,B,0.06030716001987457,A,0
vast,size,BIG,v4size_vast_v4_ex_000517_0_0,fetch the vast purple block,data/raw/v4_new_axes/videos/v4_0235d3e0ae90df31.mp4,data/raw/v4_new_axes/videos/v4_a0b751a3e25a6923.mp4,A,0.9995545744895935,A,1
vast,size,BIG,v4size_vast_v4_ex_000517_0_1,retrieve the vast purple block,data/raw/v4_new_axes/videos/v4_0235d3e0ae90df31.mp4,data/raw/v4_new_axes/videos/v4_a0b751a3e25a6923.mp4,A,0.9997819066047668,A,1
vast,size,BIG,v4size_vast_v4_ex_000517_0_2,secure the vast purple block,data/raw/v4_new_axes/videos/v4_0235d3e0ae90df31.mp4,data/raw/v4_new_axes/videos/v4_a0b751a3e25a6923.mp4,A,0.9994950294494629,A,1
vast,size,BIG,v4size_vast_v4_ex_000524_1_0,fetch the vast red block,data/raw/v4_new_axes/videos/v4_83d70aa69fe4ff01.mp4,data/raw/v4_new_axes/videos/v4_dfc009b2d51d89b8.mp4,A,0.9993977546691895,A,1
vast,size,BIG,v4size_vast_v4_ex_000524_1_1,retrieve the vast red block,data/raw/v4_new_axes/videos/v4_83d70aa69fe4ff01.mp4,data/raw/v4_new_axes/videos/v4_dfc009b2d51d89b8.mp4,A,0.9998655319213867,A,1
vast,size,BIG,v4size_vast_v4_ex_000524_1_2,secure the vast red block,data/raw/v4_new_axes/videos/v4_83d70aa69fe4ff01.mp4,data/raw/v4_new_axes/videos/v4_dfc009b2d51d89b8.mp4,A,0.9997945427894592,A,1
tiny,size,SMALL,v4size_tiny_v4_ex_000041_1_0,fetch the tiny yellow block,data/raw/v4_new_axes/videos/v4_fab31db947d8cf16.mp4,data/raw/v4_new_axes/videos/v4_a92428a5788b0431.mp4,B,0.01801382377743721,B,1
tiny,size,SMALL,v4size_tiny_v4_ex_000041_1_1,retrieve the tiny yellow block,data/raw/v4_new_axes/videos/v4_fab31db947d8cf16.mp4,data/raw/v4_new_axes/videos/v4_a92428a5788b0431.mp4,B,0.03397507965564728,B,1
tiny,size,SMALL,v4size_tiny_v4_ex_000041_1_2,secure the tiny yellow block,data/raw/v4_new_axes/videos/v4_fab31db947d8cf16.mp4,data/raw/v4_new_axes/videos/v4_a92428a5788b0431.mp4,B,0.033708639442920685,B,1
tiny,size,SMALL,v4size_tiny_v4_ex_000042_1_0,fetch the tiny yellow block,data/raw/v4_new_axes/videos/v4_6e73dafc821d8ae3.mp4,data/raw/v4_new_axes/videos/v4_d5f10d220d4f121a.mp4,A,0.9794166684150696,A,1
tiny,size,SMALL,v4size_tiny_v4_ex_000042_1_1,retrieve the tiny yellow block,data/raw/v4_new_axes/videos/v4_6e73dafc821d8ae3.mp4,data/raw/v4_new_axes/videos/v4_d5f10d220d4f121a.mp4,A,0.9821305871009827,A,1
tiny,size,SMALL,v4size_tiny_v4_ex_000042_1_2,secure the tiny yellow block,data/raw/v4_new_axes/videos/v4_6e73dafc821d8ae3.mp4,data/raw/v4_new_axes/videos/v4_d5f10d220d4f121a.mp4,A,0.9683170318603516,A,1
tiny,size,SMALL,v4size_tiny_v4_ex_000062_0_0,fetch the tiny yellow block,data/raw/v4_new_axes/videos/v4_ab673412a18e1ed9.mp4,data/raw/v4_new_axes/videos/v4_45bea910dc153833.mp4,A,0.9994704127311707,A,1
tiny,size,SMALL,v4size_tiny_v4_ex_000062_0_1,retrieve the tiny yellow block,data/raw/v4_new_axes/videos/v4_ab673412a18e1ed9.mp4,data/raw/v4_new_axes/videos/v4_45bea910dc153833.mp4,A,0.9988880753517151,A,1
tiny,size,SMALL,v4size_tiny_v4_ex_000062_0_2,secure the tiny yellow block,data/raw/v4_new_axes/videos/v4_ab673412a18e1ed9.mp4,data/raw/v4_new_axes/videos/v4_45bea910dc153833.mp4,A,0.9987829327583313,A,1
tiny,size,SMALL,v4size_tiny_v4_ex_000185_1_0,fetch the tiny red block,data/raw/v4_new_axes/videos/v4_e7d122ae84fc67df.mp4,data/raw/v4_new_axes/videos/v4_3c5742bd57fdda14.mp4,B,0.012464922852814198,A,0
tiny,size,SMALL,v4size_tiny_v4_ex_000185_1_1,retrieve the tiny red block,data/raw/v4_new_axes/videos/v4_e7d122ae84fc67df.mp4,data/raw/v4_new_axes/videos/v4_3c5742bd57fdda14.mp4,B,0.010461816564202309,A,0
tiny,size,SMALL,v4size_tiny_v4_ex_000185_1_2,secure the tiny red block,data/raw/v4_new_axes/videos/v4_e7d122ae84fc67df.mp4,data/raw/v4_new_axes/videos/v4_3c5742bd57fdda14.mp4,B,0.01581730879843235,A,0
tiny,size,SMALL,v4size_tiny_v4_ex_000188_0_0,fetch the tiny purple block,data/raw/v4_new_axes/videos/v4_9d74c542adba8bad.mp4,data/raw/v4_new_axes/videos/v4_7af7f45b4a9bd14a.mp4,A,0.9841641783714294,A,1
tiny,size,SMALL,v4size_tiny_v4_ex_000188_0_1,retrieve the tiny purple block,data/raw/v4_new_axes/videos/v4_9d74c542adba8bad.mp4,data/raw/v4_new_axes/videos/v4_7af7f45b4a9bd14a.mp4,A,0.984034538269043,A,1
tiny,size,SMALL,v4size_tiny_v4_ex_000188_0_2,secure the tiny purple block,data/raw/v4_new_axes/videos/v4_9d74c542adba8bad.mp4,data/raw/v4_new_axes/videos/v4_7af7f45b4a9bd14a.mp4,A,0.9794387817382812,A,1
tiny,size,SMALL,v4size_tiny_v4_ex_000290_0_0,fetch the tiny red block,data/raw/v4_new_axes/videos/v4_2cd2725efbd79d76.mp4,data/raw/v4_new_axes/videos/v4_c3ff0642091be12e.mp4,B,0.38779065012931824,B,1
tiny,size,SMALL,v4size_tiny_v4_ex_000290_0_1,retrieve the tiny red block,data/raw/v4_new_axes/videos/v4_2cd2725efbd79d76.mp4,data/raw/v4_new_axes/videos/v4_c3ff0642091be12e.mp4,B,0.3600911498069763,B,1
tiny,size,SMALL,v4size_tiny_v4_ex_000290_0_2,secure the tiny red block,data/raw/v4_new_axes/videos/v4_2cd2725efbd79d76.mp4,data/raw/v4_new_axes/videos/v4_c3ff0642091be12e.mp4,B,0.4465048611164093,B,1
tiny,size,SMALL,v4size_tiny_v4_ex_000338_1_0,fetch the tiny purple block,data/raw/v4_new_axes/videos/v4_a19130d2b8a49e88.mp4,data/raw/v4_new_axes/videos/v4_25a709d05df10665.mp4,B,0.0003765651781577617,B,1
tiny,size,SMALL,v4size_tiny_v4_ex_000338_1_1,retrieve the tiny purple block,data/raw/v4_new_axes/videos/v4_a19130d2b8a49e88.mp4,data/raw/v4_new_axes/videos/v4_25a709d05df10665.mp4,B,0.0002523955190554261,B,1
tiny,size,SMALL,v4size_tiny_v4_ex_000338_1_2,secure the tiny purple block,data/raw/v4_new_axes/videos/v4_a19130d2b8a49e88.mp4,data/raw/v4_new_axes/videos/v4_25a709d05df10665.mp4,B,0.00018549349624663591,B,1
tiny,size,SMALL,v4size_tiny_v4_ex_000373_0_0,fetch the tiny magenta block,data/raw/v4_new_axes/videos/v4_94649936bfaf61ea.mp4,data/raw/v4_new_axes/videos/v4_626a4a57afb61fa7.mp4,A,0.9992600083351135,A,1
tiny,size,SMALL,v4size_tiny_v4_ex_000373_0_1,retrieve the tiny magenta block,data/raw/v4_new_axes/videos/v4_94649936bfaf61ea.mp4,data/raw/v4_new_axes/videos/v4_626a4a57afb61fa7.mp4,A,0.9995846152305603,A,1
tiny,size,SMALL,v4size_tiny_v4_ex_000373_0_2,secure the tiny magenta block,data/raw/v4_new_axes/videos/v4_94649936bfaf61ea.mp4,data/raw/v4_new_axes/videos/v4_626a4a57afb61fa7.mp4,A,0.9951876401901245,A,1
tiny,size,SMALL,v4size_tiny_v4_ex_000417_0_0,fetch the tiny red block,data/raw/v4_new_axes/videos/v4_d40cbfa60c705cb9.mp4,data/raw/v4_new_axes/videos/v4_24aef358a43af16d.mp4,A,0.9983727931976318,A,1
tiny,size,SMALL,v4size_tiny_v4_ex_000417_0_1,retrieve the tiny red block,data/raw/v4_new_axes/videos/v4_d40cbfa60c705cb9.mp4,data/raw/v4_new_axes/videos/v4_24aef358a43af16d.mp4,A,0.9990284442901611,A,1
tiny,size,SMALL,v4size_tiny_v4_ex_000417_0_2,secure the tiny red block,data/raw/v4_new_axes/videos/v4_d40cbfa60c705cb9.mp4,data/raw/v4_new_axes/videos/v4_24aef358a43af16d.mp4,A,0.9975690245628357,A,1
tiny,size,SMALL,v4size_tiny_v4_ex_000450_1_0,fetch the tiny purple block,data/raw/v4_new_axes/videos/v4_df73e7097cb9cfe2.mp4,data/raw/v4_new_axes/videos/v4_0d8cbd2713ded351.mp4,A,0.8775227665901184,A,1
tiny,size,SMALL,v4size_tiny_v4_ex_000450_1_1,retrieve the tiny purple block,data/raw/v4_new_axes/videos/v4_df73e7097cb9cfe2.mp4,data/raw/v4_new_axes/videos/v4_0d8cbd2713ded351.mp4,A,0.8217198252677917,A,1
tiny,size,SMALL,v4size_tiny_v4_ex_000450_1_2,secure the tiny purple block,data/raw/v4_new_axes/videos/v4_df73e7097cb9cfe2.mp4,data/raw/v4_new_axes/videos/v4_0d8cbd2713ded351.mp4,A,0.8989209532737732,A,1
tiny,size,SMALL,v4size_tiny_v4_ex_000460_0_0,fetch the tiny blue block,data/raw/v4_new_axes/videos/v4_04ae57005db0be81.mp4,data/raw/v4_new_axes/videos/v4_1a3b539416577b1a.mp4,A,0.9997789263725281,A,1
tiny,size,SMALL,v4size_tiny_v4_ex_000460_0_1,retrieve the tiny blue block,data/raw/v4_new_axes/videos/v4_04ae57005db0be81.mp4,data/raw/v4_new_axes/videos/v4_1a3b539416577b1a.mp4,A,0.9993744492530823,A,1
tiny,size,SMALL,v4size_tiny_v4_ex_000460_0_2,secure the tiny blue block,data/raw/v4_new_axes/videos/v4_04ae57005db0be81.mp4,data/raw/v4_new_axes/videos/v4_1a3b539416577b1a.mp4,A,0.999734103679657,A,1
tiny,size,SMALL,v4size_tiny_v4_ex_000462_1_0,fetch the tiny blue block,data/raw/v4_new_axes/videos/v4_5d5aca8b918f854f.mp4,data/raw/v4_new_axes/videos/v4_07567c6503b22595.mp4,A,0.963444709777832,B,0
tiny,size,SMALL,v4size_tiny_v4_ex_000462_1_1,retrieve the tiny blue block,data/raw/v4_new_axes/videos/v4_5d5aca8b918f854f.mp4,data/raw/v4_new_axes/videos/v4_07567c6503b22595.mp4,A,0.9675987362861633,B,0
tiny,size,SMALL,v4size_tiny_v4_ex_000462_1_2,secure the tiny blue block,data/raw/v4_new_axes/videos/v4_5d5aca8b918f854f.mp4,data/raw/v4_new_axes/videos/v4_07567c6503b22595.mp4,A,0.9471786618232727,B,0
tiny,size,SMALL,v4size_tiny_v4_ex_000517_1_0,fetch the tiny red block,data/raw/v4_new_axes/videos/v4_0235d3e0ae90df31.mp4,data/raw/v4_new_axes/videos/v4_a0b751a3e25a6923.mp4,B,6.590341217815876e-05,B,1
tiny,size,SMALL,v4size_tiny_v4_ex_000517_1_1,retrieve the tiny red block,data/raw/v4_new_axes/videos/v4_0235d3e0ae90df31.mp4,data/raw/v4_new_axes/videos/v4_a0b751a3e25a6923.mp4,B,6.762609700672328e-05,B,1
tiny,size,SMALL,v4size_tiny_v4_ex_000517_1_2,secure the tiny red block,data/raw/v4_new_axes/videos/v4_0235d3e0ae90df31.mp4,data/raw/v4_new_axes/videos/v4_a0b751a3e25a6923.mp4,B,9.619996853871271e-05,B,1
tiny,size,SMALL,v4size_tiny_v4_ex_000524_0_0,fetch the tiny cyan block,data/raw/v4_new_axes/videos/v4_83d70aa69fe4ff01.mp4,data/raw/v4_new_axes/videos/v4_dfc009b2d51d89b8.mp4,B,7.209418254205957e-05,B,1
tiny,size,SMALL,v4size_tiny_v4_ex_000524_0_1,retrieve the tiny cyan block,data/raw/v4_new_axes/videos/v4_83d70aa69fe4ff01.mp4,data/raw/v4_new_axes/videos/v4_dfc009b2d51d89b8.mp4,B,9.24443083931692e-05,B,1
tiny,size,SMALL,v4size_tiny_v4_ex_000524_0_2,secure the tiny cyan block,data/raw/v4_new_axes/videos/v4_83d70aa69fe4ff01.mp4,data/raw/v4_new_axes/videos/v4_dfc009b2d51d89b8.mp4,B,0.0001135257407440804,B,1
minute,size,SMALL,v4size_minute_v4_ex_000041_1_0,fetch the minute yellow block,data/raw/v4_new_axes/videos/v4_fab31db947d8cf16.mp4,data/raw/v4_new_axes/videos/v4_a92428a5788b0431.mp4,A,0.5865238308906555,B,0
minute,size,SMALL,v4size_minute_v4_ex_000041_1_1,retrieve the minute yellow block,data/raw/v4_new_axes/videos/v4_fab31db947d8cf16.mp4,data/raw/v4_new_axes/videos/v4_a92428a5788b0431.mp4,A,0.875815212726593,B,0
minute,size,SMALL,v4size_minute_v4_ex_000041_1_2,secure the minute yellow block,data/raw/v4_new_axes/videos/v4_fab31db947d8cf16.mp4,data/raw/v4_new_axes/videos/v4_a92428a5788b0431.mp4,A,0.7876288294792175,B,0
minute,size,SMALL,v4size_minute_v4_ex_000042_1_0,fetch the minute yellow block,data/raw/v4_new_axes/videos/v4_6e73dafc821d8ae3.mp4,data/raw/v4_new_axes/videos/v4_d5f10d220d4f121a.mp4,B,0.05662083253264427,A,0
minute,size,SMALL,v4size_minute_v4_ex_000042_1_1,retrieve the minute yellow block,data/raw/v4_new_axes/videos/v4_6e73dafc821d8ae3.mp4,data/raw/v4_new_axes/videos/v4_d5f10d220d4f121a.mp4,B,0.03753898665308952,A,0
minute,size,SMALL,v4size_minute_v4_ex_000042_1_2,secure the minute yellow block,data/raw/v4_new_axes/videos/v4_6e73dafc821d8ae3.mp4,data/raw/v4_new_axes/videos/v4_d5f10d220d4f121a.mp4,B,0.04754616692662239,A,0
minute,size,SMALL,v4size_minute_v4_ex_000062_0_0,fetch the minute yellow block,data/raw/v4_new_axes/videos/v4_ab673412a18e1ed9.mp4,data/raw/v4_new_axes/videos/v4_45bea910dc153833.mp4,B,0.11840634047985077,A,0
minute,size,SMALL,v4size_minute_v4_ex_000062_0_1,retrieve the minute yellow block,data/raw/v4_new_axes/videos/v4_ab673412a18e1ed9.mp4,data/raw/v4_new_axes/videos/v4_45bea910dc153833.mp4,B,0.007364145014435053,A,0
minute,size,SMALL,v4size_minute_v4_ex_000062_0_2,secure the minute yellow block,data/raw/v4_new_axes/videos/v4_ab673412a18e1ed9.mp4,data/raw/v4_new_axes/videos/v4_45bea910dc153833.mp4,B,0.026497814804315567,A,0
minute,size,SMALL,v4size_minute_v4_ex_000185_1_0,fetch the minute red block,data/raw/v4_new_axes/videos/v4_e7d122ae84fc67df.mp4,data/raw/v4_new_axes/videos/v4_3c5742bd57fdda14.mp4,A,0.9710612893104553,A,1
minute,size,SMALL,v4size_minute_v4_ex_000185_1_1,retrieve the minute red block,data/raw/v4_new_axes/videos/v4_e7d122ae84fc67df.mp4,data/raw/v4_new_axes/videos/v4_3c5742bd57fdda14.mp4,A,0.9880403876304626,A,1
minute,size,SMALL,v4size_minute_v4_ex_000185_1_2,secure the minute red block,data/raw/v4_new_axes/videos/v4_e7d122ae84fc67df.mp4,data/raw/v4_new_axes/videos/v4_3c5742bd57fdda14.mp4,A,0.9759771823883057,A,1
minute,size,SMALL,v4size_minute_v4_ex_000188_0_0,fetch the minute purple block,data/raw/v4_new_axes/videos/v4_9d74c542adba8bad.mp4,data/raw/v4_new_axes/videos/v4_7af7f45b4a9bd14a.mp4,B,0.10893847793340683,A,0
minute,size,SMALL,v4size_minute_v4_ex_000188_0_1,retrieve the minute purple block,data/raw/v4_new_axes/videos/v4_9d74c542adba8bad.mp4,data/raw/v4_new_axes/videos/v4_7af7f45b4a9bd14a.mp4,B,0.029666850343346596,A,0
minute,size,SMALL,v4size_minute_v4_ex_000188_0_2,secure the minute purple block,data/raw/v4_new_axes/videos/v4_9d74c542adba8bad.mp4,data/raw/v4_new_axes/videos/v4_7af7f45b4a9bd14a.mp4,B,0.09828450530767441,A,0
minute,size,SMALL,v4size_minute_v4_ex_000290_0_0,fetch the minute red block,data/raw/v4_new_axes/videos/v4_2cd2725efbd79d76.mp4,data/raw/v4_new_axes/videos/v4_c3ff0642091be12e.mp4,A,0.7241414189338684,B,0
minute,size,SMALL,v4size_minute_v4_ex_000290_0_1,retrieve the minute red block,data/raw/v4_new_axes/videos/v4_2cd2725efbd79d76.mp4,data/raw/v4_new_axes/videos/v4_c3ff0642091be12e.mp4,A,0.6046428680419922,B,0
minute,size,SMALL,v4size_minute_v4_ex_000290_0_2,secure the minute red block,data/raw/v4_new_axes/videos/v4_2cd2725efbd79d76.mp4,data/raw/v4_new_axes/videos/v4_c3ff0642091be12e.mp4,A,0.6588704586029053,B,0
minute,size,SMALL,v4size_minute_v4_ex_000338_1_0,fetch the minute purple block,data/raw/v4_new_axes/videos/v4_a19130d2b8a49e88.mp4,data/raw/v4_new_axes/videos/v4_25a709d05df10665.mp4,A,0.9981462955474854,B,0
minute,size,SMALL,v4size_minute_v4_ex_000338_1_1,retrieve the minute purple block,data/raw/v4_new_axes/videos/v4_a19130d2b8a49e88.mp4,data/raw/v4_new_axes/videos/v4_25a709d05df10665.mp4,A,0.9996947050094604,B,0
minute,size,SMALL,v4size_minute_v4_ex_000338_1_2,secure the minute purple block,data/raw/v4_new_axes/videos/v4_a19130d2b8a49e88.mp4,data/raw/v4_new_axes/videos/v4_25a709d05df10665.mp4,A,0.9983047246932983,B,0
minute,size,SMALL,v4size_minute_v4_ex_000373_0_0,fetch the minute magenta block,data/raw/v4_new_axes/videos/v4_94649936bfaf61ea.mp4,data/raw/v4_new_axes/videos/v4_626a4a57afb61fa7.mp4,B,0.006306722294539213,A,0
minute,size,SMALL,v4size_minute_v4_ex_000373_0_1,retrieve the minute magenta block,data/raw/v4_new_axes/videos/v4_94649936bfaf61ea.mp4,data/raw/v4_new_axes/videos/v4_626a4a57afb61fa7.mp4,B,0.0013069453416392207,A,0
minute,size,SMALL,v4size_minute_v4_ex_000373_0_2,secure the minute magenta block,data/raw/v4_new_axes/videos/v4_94649936bfaf61ea.mp4,data/raw/v4_new_axes/videos/v4_626a4a57afb61fa7.mp4,B,0.000996564980596304,A,0
minute,size,SMALL,v4size_minute_v4_ex_000417_0_0,fetch the minute red block,data/raw/v4_new_axes/videos/v4_d40cbfa60c705cb9.mp4,data/raw/v4_new_axes/videos/v4_24aef358a43af16d.mp4,B,0.0055489856749773026,A,0
minute,size,SMALL,v4size_minute_v4_ex_000417_0_1,retrieve the minute red block,data/raw/v4_new_axes/videos/v4_d40cbfa60c705cb9.mp4,data/raw/v4_new_axes/videos/v4_24aef358a43af16d.mp4,B,0.0025063916109502316,A,0
minute,size,SMALL,v4size_minute_v4_ex_000417_0_2,secure the minute red block,data/raw/v4_new_axes/videos/v4_d40cbfa60c705cb9.mp4,data/raw/v4_new_axes/videos/v4_24aef358a43af16d.mp4,B,0.004968061577528715,A,0
minute,size,SMALL,v4size_minute_v4_ex_000450_1_0,fetch the minute purple block,data/raw/v4_new_axes/videos/v4_df73e7097cb9cfe2.mp4,data/raw/v4_new_axes/videos/v4_0d8cbd2713ded351.mp4,B,0.28987231850624084,A,0
minute,size,SMALL,v4size_minute_v4_ex_000450_1_1,retrieve the minute purple block,data/raw/v4_new_axes/videos/v4_df73e7097cb9cfe2.mp4,data/raw/v4_new_axes/videos/v4_0d8cbd2713ded351.mp4,B,0.0861818715929985,A,0
minute,size,SMALL,v4size_minute_v4_ex_000450_1_2,secure the minute purple block,data/raw/v4_new_axes/videos/v4_df73e7097cb9cfe2.mp4,data/raw/v4_new_axes/videos/v4_0d8cbd2713ded351.mp4,B,0.16876177489757538,A,0
minute,size,SMALL,v4size_minute_v4_ex_000460_0_0,fetch the minute blue block,data/raw/v4_new_axes/videos/v4_04ae57005db0be81.mp4,data/raw/v4_new_axes/videos/v4_1a3b539416577b1a.mp4,B,0.11379032582044601,A,0
minute,size,SMALL,v4size_minute_v4_ex_000460_0_1,retrieve the minute blue block,data/raw/v4_new_axes/videos/v4_04ae57005db0be81.mp4,data/raw/v4_new_axes/videos/v4_1a3b539416577b1a.mp4,B,0.0034485284704715014,A,0
minute,size,SMALL,v4size_minute_v4_ex_000460_0_2,secure the minute blue block,data/raw/v4_new_axes/videos/v4_04ae57005db0be81.mp4,data/raw/v4_new_axes/videos/v4_1a3b539416577b1a.mp4,B,0.013393372297286987,A,0
minute,size,SMALL,v4size_minute_v4_ex_000462_1_0,fetch the minute blue block,data/raw/v4_new_axes/videos/v4_5d5aca8b918f854f.mp4,data/raw/v4_new_axes/videos/v4_07567c6503b22595.mp4,B,0.05081189051270485,B,1
minute,size,SMALL,v4size_minute_v4_ex_000462_1_1,retrieve the minute blue block,data/raw/v4_new_axes/videos/v4_5d5aca8b918f854f.mp4,data/raw/v4_new_axes/videos/v4_07567c6503b22595.mp4,B,0.12328586727380753,B,1
minute,size,SMALL,v4size_minute_v4_ex_000462_1_2,secure the minute blue block,data/raw/v4_new_axes/videos/v4_5d5aca8b918f854f.mp4,data/raw/v4_new_axes/videos/v4_07567c6503b22595.mp4,B,0.08183273673057556,B,1
minute,size,SMALL,v4size_minute_v4_ex_000517_1_0,fetch the minute red block,data/raw/v4_new_axes/videos/v4_0235d3e0ae90df31.mp4,data/raw/v4_new_axes/videos/v4_a0b751a3e25a6923.mp4,A,0.9988407492637634,B,0
minute,size,SMALL,v4size_minute_v4_ex_000517_1_1,retrieve the minute red block,data/raw/v4_new_axes/videos/v4_0235d3e0ae90df31.mp4,data/raw/v4_new_axes/videos/v4_a0b751a3e25a6923.mp4,A,0.9998144507408142,B,0
minute,size,SMALL,v4size_minute_v4_ex_000517_1_2,secure the minute red block,data/raw/v4_new_axes/videos/v4_0235d3e0ae90df31.mp4,data/raw/v4_new_axes/videos/v4_a0b751a3e25a6923.mp4,A,0.9993427395820618,B,0
minute,size,SMALL,v4size_minute_v4_ex_000524_0_0,fetch the minute cyan block,data/raw/v4_new_axes/videos/v4_83d70aa69fe4ff01.mp4,data/raw/v4_new_axes/videos/v4_dfc009b2d51d89b8.mp4,A,0.6433189511299133,B,0
minute,size,SMALL,v4size_minute_v4_ex_000524_0_1,retrieve the minute cyan block,data/raw/v4_new_axes/videos/v4_83d70aa69fe4ff01.mp4,data/raw/v4_new_axes/videos/v4_dfc009b2d51d89b8.mp4,A,0.9977717995643616,B,0
minute,size,SMALL,v4size_minute_v4_ex_000524_0_2,secure the minute cyan block,data/raw/v4_new_axes/videos/v4_83d70aa69fe4ff01.mp4,data/raw/v4_new_axes/videos/v4_dfc009b2d51d89b8.mp4,A,0.9936436414718628,B,0
swiftly,speed,FAST,v4speed_swiftly_v4_ex_000030_0_0,shift the block swiftly,data/raw/v4_new_axes/videos/v4_b6ac82a859556f46.mp4,data/raw/v4_new_axes/videos/v4_a3505ba1c9d88246.mp4,A,0.9840778112411499,A,1
swiftly,speed,FAST,v4speed_swiftly_v4_ex_000030_0_1,advance the block swiftly,data/raw/v4_new_axes/videos/v4_b6ac82a859556f46.mp4,data/raw/v4_new_axes/videos/v4_a3505ba1c9d88246.mp4,A,0.9562397003173828,A,1
swiftly,speed,FAST,v4speed_swiftly_v4_ex_000030_0_2,translate the block swiftly,data/raw/v4_new_axes/videos/v4_b6ac82a859556f46.mp4,data/raw/v4_new_axes/videos/v4_a3505ba1c9d88246.mp4,A,0.894304096698761,A,1
swiftly,speed,FAST,v4speed_swiftly_v4_ex_000046_0_0,shift the block swiftly,data/raw/v4_new_axes/videos/v4_6f5ecdaf29e712db.mp4,data/raw/v4_new_axes/videos/v4_e4dd2fb7796d39bc.mp4,B,0.29611045122146606,B,1
swiftly,speed,FAST,v4speed_swiftly_v4_ex_000046_0_1,advance the block swiftly,data/raw/v4_new_axes/videos/v4_6f5ecdaf29e712db.mp4,data/raw/v4_new_axes/videos/v4_e4dd2fb7796d39bc.mp4,A,0.5572847127914429,B,0
swiftly,speed,FAST,v4speed_swiftly_v4_ex_000046_0_2,translate the block swiftly,data/raw/v4_new_axes/videos/v4_6f5ecdaf29e712db.mp4,data/raw/v4_new_axes/videos/v4_e4dd2fb7796d39bc.mp4,B,0.4621443748474121,B,1
swiftly,speed,FAST,v4speed_swiftly_v4_ex_000069_0_0,shift the block swiftly,data/raw/v4_new_axes/videos/v4_33fbc2dfa54a0fe5.mp4,data/raw/v4_new_axes/videos/v4_611c81e1a569f387.mp4,A,0.982386589050293,A,1
swiftly,speed,FAST,v4speed_swiftly_v4_ex_000069_0_1,advance the block swiftly,data/raw/v4_new_axes/videos/v4_33fbc2dfa54a0fe5.mp4,data/raw/v4_new_axes/videos/v4_611c81e1a569f387.mp4,A,0.9691166877746582,A,1
swiftly,speed,FAST,v4speed_swiftly_v4_ex_000069_0_2,translate the block swiftly,data/raw/v4_new_axes/videos/v4_33fbc2dfa54a0fe5.mp4,data/raw/v4_new_axes/videos/v4_611c81e1a569f387.mp4,A,0.933750569820404,A,1
swiftly,speed,FAST,v4speed_swiftly_v4_ex_000080_1_0,shift the block swiftly,data/raw/v4_new_axes/videos/v4_029424a3c8971b49.mp4,data/raw/v4_new_axes/videos/v4_6ca48f6167fccc34.mp4,A,0.7331477403640747,B,0
swiftly,speed,FAST,v4speed_swiftly_v4_ex_000080_1_1,advance the block swiftly,data/raw/v4_new_axes/videos/v4_029424a3c8971b49.mp4,data/raw/v4_new_axes/videos/v4_6ca48f6167fccc34.mp4,A,0.8774447441101074,B,0
swiftly,speed,FAST,v4speed_swiftly_v4_ex_000080_1_2,translate the block swiftly,data/raw/v4_new_axes/videos/v4_029424a3c8971b49.mp4,data/raw/v4_new_axes/videos/v4_6ca48f6167fccc34.mp4,A,0.7692298889160156,B,0
swiftly,speed,FAST,v4speed_swiftly_v4_ex_000173_0_0,shift the block swiftly,data/raw/v4_new_axes/videos/v4_5f01ed55d36cb797.mp4,data/raw/v4_new_axes/videos/v4_6d638619ed6bf297.mp4,B,0.2654096186161041,A,0
swiftly,speed,FAST,v4speed_swiftly_v4_ex_000173_0_1,advance the block swiftly,data/raw/v4_new_axes/videos/v4_5f01ed55d36cb797.mp4,data/raw/v4_new_axes/videos/v4_6d638619ed6bf297.mp4,B,0.1627368927001953,A,0
swiftly,speed,FAST,v4speed_swiftly_v4_ex_000173_0_2,translate the block swiftly,data/raw/v4_new_axes/videos/v4_5f01ed55d36cb797.mp4,data/raw/v4_new_axes/videos/v4_6d638619ed6bf297.mp4,B,0.2903080880641937,A,0
swiftly,speed,FAST,v4speed_swiftly_v4_ex_000223_1_0,shift the block swiftly,data/raw/v4_new_axes/videos/v4_171f8cc039fda248.mp4,data/raw/v4_new_axes/videos/v4_0752f37f5e5322ce.mp4,B,0.42576903104782104,B,1
swiftly,speed,FAST,v4speed_swiftly_v4_ex_000223_1_1,advance the block swiftly,data/raw/v4_new_axes/videos/v4_171f8cc039fda248.mp4,data/raw/v4_new_axes/videos/v4_0752f37f5e5322ce.mp4,A,0.6838805079460144,B,0
swiftly,speed,FAST,v4speed_swiftly_v4_ex_000223_1_2,translate the block swiftly,data/raw/v4_new_axes/videos/v4_171f8cc039fda248.mp4,data/raw/v4_new_axes/videos/v4_0752f37f5e5322ce.mp4,A,0.5609857439994812,B,0
swiftly,speed,FAST,v4speed_swiftly_v4_ex_000228_0_0,shift the block swiftly,data/raw/v4_new_axes/videos/v4_605ebeadc16338ee.mp4,data/raw/v4_new_axes/videos/v4_d750987769419361.mp4,B,0.3993830978870392,B,1
swiftly,speed,FAST,v4speed_swiftly_v4_ex_000228_0_1,advance the block swiftly,data/raw/v4_new_axes/videos/v4_605ebeadc16338ee.mp4,data/raw/v4_new_axes/videos/v4_d750987769419361.mp4,A,0.6588329672813416,B,0
swiftly,speed,FAST,v4speed_swiftly_v4_ex_000228_0_2,translate the block swiftly,data/raw/v4_new_axes/videos/v4_605ebeadc16338ee.mp4,data/raw/v4_new_axes/videos/v4_d750987769419361.mp4,A,0.5063570141792297,B,0
swiftly,speed,FAST,v4speed_swiftly_v4_ex_000240_0_0,shift the block swiftly,data/raw/v4_new_axes/videos/v4_5f7b21b8383eb5f2.mp4,data/raw/v4_new_axes/videos/v4_cd482072032f1197.mp4,A,0.548111081123352,A,1
swiftly,speed,FAST,v4speed_swiftly_v4_ex_000240_0_1,advance the block swiftly,data/raw/v4_new_axes/videos/v4_5f7b21b8383eb5f2.mp4,data/raw/v4_new_axes/videos/v4_cd482072032f1197.mp4,B,0.25475946068763733,A,0
swiftly,speed,FAST,v4speed_swiftly_v4_ex_000240_0_2,translate the block swiftly,data/raw/v4_new_axes/videos/v4_5f7b21b8383eb5f2.mp4,data/raw/v4_new_axes/videos/v4_cd482072032f1197.mp4,B,0.3712398409843445,A,0
swiftly,speed,FAST,v4speed_swiftly_v4_ex_000315_0_0,shift the block swiftly,data/raw/v4_new_axes/videos/v4_a6f195234a7eb4ec.mp4,data/raw/v4_new_axes/videos/v4_847055765a8ba105.mp4,B,0.29221487045288086,A,0
swiftly,speed,FAST,v4speed_swiftly_v4_ex_000315_0_1,advance the block swiftly,data/raw/v4_new_axes/videos/v4_a6f195234a7eb4ec.mp4,data/raw/v4_new_axes/videos/v4_847055765a8ba105.mp4,B,0.22818437218666077,A,0
swiftly,speed,FAST,v4speed_swiftly_v4_ex_000315_0_2,translate the block swiftly,data/raw/v4_new_axes/videos/v4_a6f195234a7eb4ec.mp4,data/raw/v4_new_axes/videos/v4_847055765a8ba105.mp4,B,0.35148704051971436,A,0
swiftly,speed,FAST,v4speed_swiftly_v4_ex_000331_1_0,shift the block swiftly,data/raw/v4_new_axes/videos/v4_729c01a453674eb2.mp4,data/raw/v4_new_axes/videos/v4_0f92da05226c824c.mp4,A,0.9028566479682922,B,0
swiftly,speed,FAST,v4speed_swiftly_v4_ex_000331_1_1,advance the block swiftly,data/raw/v4_new_axes/videos/v4_729c01a453674eb2.mp4,data/raw/v4_new_axes/videos/v4_0f92da05226c824c.mp4,A,0.9603243470191956,B,0
swiftly,speed,FAST,v4speed_swiftly_v4_ex_000331_1_2,translate the block swiftly,data/raw/v4_new_axes/videos/v4_729c01a453674eb2.mp4,data/raw/v4_new_axes/videos/v4_0f92da05226c824c.mp4,A,0.8403756022453308,B,0
swiftly,speed,FAST,v4speed_swiftly_v4_ex_000341_1_0,shift the block swiftly,data/raw/v4_new_axes/videos/v4_744f7c25b415ea5b.mp4,data/raw/v4_new_axes/videos/v4_758ea6b1d6ad08bf.mp4,B,0.11449308693408966,B,1
swiftly,speed,FAST,v4speed_swiftly_v4_ex_000341_1_1,advance the block swiftly,data/raw/v4_new_axes/videos/v4_744f7c25b415ea5b.mp4,data/raw/v4_new_axes/videos/v4_758ea6b1d6ad08bf.mp4,B,0.3188551366329193,B,1
swiftly,speed,FAST,v4speed_swiftly_v4_ex_000341_1_2,translate the block swiftly,data/raw/v4_new_axes/videos/v4_744f7c25b415ea5b.mp4,data/raw/v4_new_axes/videos/v4_758ea6b1d6ad08bf.mp4,B,0.28953731060028076,B,1
swiftly,speed,FAST,v4speed_swiftly_v4_ex_000349_1_0,shift the block swiftly,data/raw/v4_new_axes/videos/v4_6c9a3d4e0ec5ff3d.mp4,data/raw/v4_new_axes/videos/v4_9cfb5f92f07f9964.mp4,B,0.33912548422813416,A,0
swiftly,speed,FAST,v4speed_swiftly_v4_ex_000349_1_1,advance the block swiftly,data/raw/v4_new_axes/videos/v4_6c9a3d4e0ec5ff3d.mp4,data/raw/v4_new_axes/videos/v4_9cfb5f92f07f9964.mp4,B,0.16025234758853912,A,0
swiftly,speed,FAST,v4speed_swiftly_v4_ex_000349_1_2,translate the block swiftly,data/raw/v4_new_axes/videos/v4_6c9a3d4e0ec5ff3d.mp4,data/raw/v4_new_axes/videos/v4_9cfb5f92f07f9964.mp4,B,0.2891525626182556,A,0
swiftly,speed,FAST,v4speed_swiftly_v4_ex_000525_1_0,shift the block swiftly,data/raw/v4_new_axes/videos/v4_93dca72d5f45fd9a.mp4,data/raw/v4_new_axes/videos/v4_819a68b3cbeaaf45.mp4,A,0.5625733733177185,A,1
swiftly,speed,FAST,v4speed_swiftly_v4_ex_000525_1_1,advance the block swiftly,data/raw/v4_new_axes/videos/v4_93dca72d5f45fd9a.mp4,data/raw/v4_new_axes/videos/v4_819a68b3cbeaaf45.mp4,B,0.3650124669075012,A,0
swiftly,speed,FAST,v4speed_swiftly_v4_ex_000525_1_2,translate the block swiftly,data/raw/v4_new_axes/videos/v4_93dca72d5f45fd9a.mp4,data/raw/v4_new_axes/videos/v4_819a68b3cbeaaf45.mp4,B,0.4652593731880188,A,0
swiftly,speed,FAST,v4speed_swiftly_v4_ex_000528_0_0,shift the block swiftly,data/raw/v4_new_axes/videos/v4_7cb99b1adce562e0.mp4,data/raw/v4_new_axes/videos/v4_c89fc0a034ed9c86.mp4,B,0.26107728481292725,B,1
swiftly,speed,FAST,v4speed_swiftly_v4_ex_000528_0_1,advance the block swiftly,data/raw/v4_new_axes/videos/v4_7cb99b1adce562e0.mp4,data/raw/v4_new_axes/videos/v4_c89fc0a034ed9c86.mp4,B,0.34234619140625,B,1
swiftly,speed,FAST,v4speed_swiftly_v4_ex_000528_0_2,translate the block swiftly,data/raw/v4_new_axes/videos/v4_7cb99b1adce562e0.mp4,data/raw/v4_new_axes/videos/v4_c89fc0a034ed9c86.mp4,B,0.2770273685455322,B,1
hastily,speed,FAST,v4speed_hastily_v4_ex_000030_0_0,shift the block hastily,data/raw/v4_new_axes/videos/v4_b6ac82a859556f46.mp4,data/raw/v4_new_axes/videos/v4_a3505ba1c9d88246.mp4,A,0.8743044137954712,A,1
hastily,speed,FAST,v4speed_hastily_v4_ex_000030_0_1,advance the block hastily,data/raw/v4_new_axes/videos/v4_b6ac82a859556f46.mp4,data/raw/v4_new_axes/videos/v4_a3505ba1c9d88246.mp4,A,0.9996930360794067,A,1
hastily,speed,FAST,v4speed_hastily_v4_ex_000030_0_2,translate the block hastily,data/raw/v4_new_axes/videos/v4_b6ac82a859556f46.mp4,data/raw/v4_new_axes/videos/v4_a3505ba1c9d88246.mp4,A,0.9774670004844666,A,1
hastily,speed,FAST,v4speed_hastily_v4_ex_000046_0_0,shift the block hastily,data/raw/v4_new_axes/videos/v4_6f5ecdaf29e712db.mp4,data/raw/v4_new_axes/videos/v4_e4dd2fb7796d39bc.mp4,B,0.07476726919412613,B,1
hastily,speed,FAST,v4speed_hastily_v4_ex_000046_0_1,advance the block hastily,data/raw/v4_new_axes/videos/v4_6f5ecdaf29e712db.mp4,data/raw/v4_new_axes/videos/v4_e4dd2fb7796d39bc.mp4,B,0.0005383775569498539,B,1
hastily,speed,FAST,v4speed_hastily_v4_ex_000046_0_2,translate the block hastily,data/raw/v4_new_axes/videos/v4_6f5ecdaf29e712db.mp4,data/raw/v4_new_axes/videos/v4_e4dd2fb7796d39bc.mp4,B,0.0135419350117445,B,1
hastily,speed,FAST,v4speed_hastily_v4_ex_000069_0_0,shift the block hastily,data/raw/v4_new_axes/videos/v4_33fbc2dfa54a0fe5.mp4,data/raw/v4_new_axes/videos/v4_611c81e1a569f387.mp4,A,0.7863532304763794,A,1
hastily,speed,FAST,v4speed_hastily_v4_ex_000069_0_1,advance the block hastily,data/raw/v4_new_axes/videos/v4_33fbc2dfa54a0fe5.mp4,data/raw/v4_new_axes/videos/v4_611c81e1a569f387.mp4,A,0.9997555613517761,A,1
hastily,speed,FAST,v4speed_hastily_v4_ex_000069_0_2,translate the block hastily,data/raw/v4_new_axes/videos/v4_33fbc2dfa54a0fe5.mp4,data/raw/v4_new_axes/videos/v4_611c81e1a569f387.mp4,A,0.9787371158599854,A,1
hastily,speed,FAST,v4speed_hastily_v4_ex_000080_1_0,shift the block hastily,data/raw/v4_new_axes/videos/v4_029424a3c8971b49.mp4,data/raw/v4_new_axes/videos/v4_6ca48f6167fccc34.mp4,B,0.053030677139759064,B,1
hastily,speed,FAST,v4speed_hastily_v4_ex_000080_1_1,advance the block hastily,data/raw/v4_new_axes/videos/v4_029424a3c8971b49.mp4,data/raw/v4_new_axes/videos/v4_6ca48f6167fccc34.mp4,B,0.0026732170954346657,B,1
hastily,speed,FAST,v4speed_hastily_v4_ex_000080_1_2,translate the block hastily,data/raw/v4_new_axes/videos/v4_029424a3c8971b49.mp4,data/raw/v4_new_axes/videos/v4_6ca48f6167fccc34.mp4,B,0.032682888209819794,B,1
hastily,speed,FAST,v4speed_hastily_v4_ex_000173_0_0,shift the block hastily,data/raw/v4_new_axes/videos/v4_5f01ed55d36cb797.mp4,data/raw/v4_new_axes/videos/v4_6d638619ed6bf297.mp4,A,0.7494800686836243,A,1
hastily,speed,FAST,v4speed_hastily_v4_ex_000173_0_1,advance the block hastily,data/raw/v4_new_axes/videos/v4_5f01ed55d36cb797.mp4,data/raw/v4_new_axes/videos/v4_6d638619ed6bf297.mp4,A,0.998219907283783,A,1
hastily,speed,FAST,v4speed_hastily_v4_ex_000173_0_2,translate the block hastily,data/raw/v4_new_axes/videos/v4_5f01ed55d36cb797.mp4,data/raw/v4_new_axes/videos/v4_6d638619ed6bf297.mp4,A,0.9827060699462891,A,1
hastily,speed,FAST,v4speed_hastily_v4_ex_000223_1_0,shift the block hastily,data/raw/v4_new_axes/videos/v4_171f8cc039fda248.mp4,data/raw/v4_new_axes/videos/v4_0752f37f5e5322ce.mp4,B,0.07613880187273026,B,1
hastily,speed,FAST,v4speed_hastily_v4_ex_000223_1_1,advance the block hastily,data/raw/v4_new_axes/videos/v4_171f8cc039fda248.mp4,data/raw/v4_new_axes/videos/v4_0752f37f5e5322ce.mp4,B,0.0005430815508589149,B,1
hastily,speed,FAST,v4speed_hastily_v4_ex_000223_1_2,translate the block hastily,data/raw/v4_new_axes/videos/v4_171f8cc039fda248.mp4,data/raw/v4_new_axes/videos/v4_0752f37f5e5322ce.mp4,B,0.016260413452982903,B,1
hastily,speed,FAST,v4speed_hastily_v4_ex_000228_0_0,shift the block hastily,data/raw/v4_new_axes/videos/v4_605ebeadc16338ee.mp4,data/raw/v4_new_axes/videos/v4_d750987769419361.mp4,B,0.07049011439085007,B,1
hastily,speed,FAST,v4speed_hastily_v4_ex_000228_0_1,advance the block hastily,data/raw/v4_new_axes/videos/v4_605ebeadc16338ee.mp4,data/raw/v4_new_axes/videos/v4_d750987769419361.mp4,B,0.0002195207343902439,B,1
hastily,speed,FAST,v4speed_hastily_v4_ex_000228_0_2,translate the block hastily,data/raw/v4_new_axes/videos/v4_605ebeadc16338ee.mp4,data/raw/v4_new_axes/videos/v4_d750987769419361.mp4,B,0.007668204139918089,B,1
hastily,speed,FAST,v4speed_hastily_v4_ex_000240_0_0,shift the block hastily,data/raw/v4_new_axes/videos/v4_5f7b21b8383eb5f2.mp4,data/raw/v4_new_axes/videos/v4_cd482072032f1197.mp4,A,0.9407511353492737,A,1
hastily,speed,FAST,v4speed_hastily_v4_ex_000240_0_1,advance the block hastily,data/raw/v4_new_axes/videos/v4_5f7b21b8383eb5f2.mp4,data/raw/v4_new_axes/videos/v4_cd482072032f1197.mp4,A,0.9997759461402893,A,1
hastily,speed,FAST,v4speed_hastily_v4_ex_000240_0_2,translate the block hastily,data/raw/v4_new_axes/videos/v4_5f7b21b8383eb5f2.mp4,data/raw/v4_new_axes/videos/v4_cd482072032f1197.mp4,A,0.9912598729133606,A,1
hastily,speed,FAST,v4speed_hastily_v4_ex_000315_0_0,shift the block hastily,data/raw/v4_new_axes/videos/v4_a6f195234a7eb4ec.mp4,data/raw/v4_new_axes/videos/v4_847055765a8ba105.mp4,A,0.8810574412345886,A,1
hastily,speed,FAST,v4speed_hastily_v4_ex_000315_0_1,advance the block hastily,data/raw/v4_new_axes/videos/v4_a6f195234a7eb4ec.mp4,data/raw/v4_new_axes/videos/v4_847055765a8ba105.mp4,A,0.9984281063079834,A,1
hastily,speed,FAST,v4speed_hastily_v4_ex_000315_0_2,translate the block hastily,data/raw/v4_new_axes/videos/v4_a6f195234a7eb4ec.mp4,data/raw/v4_new_axes/videos/v4_847055765a8ba105.mp4,A,0.9782774448394775,A,1
hastily,speed,FAST,v4speed_hastily_v4_ex_000331_1_0,shift the block hastily,data/raw/v4_new_axes/videos/v4_729c01a453674eb2.mp4,data/raw/v4_new_axes/videos/v4_0f92da05226c824c.mp4,B,0.135450541973114,B,1
hastily,speed,FAST,v4speed_hastily_v4_ex_000331_1_1,advance the block hastily,data/raw/v4_new_axes/videos/v4_729c01a453674eb2.mp4,data/raw/v4_new_axes/videos/v4_0f92da05226c824c.mp4,B,0.02575107105076313,B,1
hastily,speed,FAST,v4speed_hastily_v4_ex_000331_1_2,translate the block hastily,data/raw/v4_new_axes/videos/v4_729c01a453674eb2.mp4,data/raw/v4_new_axes/videos/v4_0f92da05226c824c.mp4,B,0.08017139136791229,B,1
hastily,speed,FAST,v4speed_hastily_v4_ex_000341_1_0,shift the block hastily,data/raw/v4_new_axes/videos/v4_744f7c25b415ea5b.mp4,data/raw/v4_new_axes/videos/v4_758ea6b1d6ad08bf.mp4,B,0.08415906876325607,B,1
hastily,speed,FAST,v4speed_hastily_v4_ex_000341_1_1,advance the block hastily,data/raw/v4_new_axes/videos/v4_744f7c25b415ea5b.mp4,data/raw/v4_new_axes/videos/v4_758ea6b1d6ad08bf.mp4,B,0.0005769878043793142,B,1
hastily,speed,FAST,v4speed_hastily_v4_ex_000341_1_2,translate the block hastily,data/raw/v4_new_axes/videos/v4_744f7c25b415ea5b.mp4,data/raw/v4_new_axes/videos/v4_758ea6b1d6ad08bf.mp4,B,0.016996260732412338,B,1
hastily,speed,FAST,v4speed_hastily_v4_ex_000349_1_0,shift the block hastily,data/raw/v4_new_axes/videos/v4_6c9a3d4e0ec5ff3d.mp4,data/raw/v4_new_axes/videos/v4_9cfb5f92f07f9964.mp4,A,0.9498386383056641,A,1
hastily,speed,FAST,v4speed_hastily_v4_ex_000349_1_1,advance the block hastily,data/raw/v4_new_axes/videos/v4_6c9a3d4e0ec5ff3d.mp4,data/raw/v4_new_axes/videos/v4_9cfb5f92f07f9964.mp4,A,0.9997851252555847,A,1
hastily,speed,FAST,v4speed_hastily_v4_ex_000349_1_2,translate the block hastily,data/raw/v4_new_axes/videos/v4_6c9a3d4e0ec5ff3d.mp4,data/raw/v4_new_axes/videos/v4_9cfb5f92f07f9964.mp4,A,0.9935851693153381,A,1
hastily,speed,FAST,v4speed_hastily_v4_ex_000525_1_0,shift the block hastily,data/raw/v4_new_axes/videos/v4_93dca72d5f45fd9a.mp4,data/raw/v4_new_axes/videos/v4_819a68b3cbeaaf45.mp4,A,0.8904824256896973,A,1
hastily,speed,FAST,v4speed_hastily_v4_ex_000525_1_1,advance the block hastily,data/raw/v4_new_axes/videos/v4_93dca72d5f45fd9a.mp4,data/raw/v4_new_axes/videos/v4_819a68b3cbeaaf45.mp4,A,0.997317373752594,A,1
hastily,speed,FAST,v4speed_hastily_v4_ex_000525_1_2,translate the block hastily,data/raw/v4_new_axes/videos/v4_93dca72d5f45fd9a.mp4,data/raw/v4_new_axes/videos/v4_819a68b3cbeaaf45.mp4,A,0.9662588238716125,A,1
hastily,speed,FAST,v4speed_hastily_v4_ex_000528_0_0,shift the block hastily,data/raw/v4_new_axes/videos/v4_7cb99b1adce562e0.mp4,data/raw/v4_new_axes/videos/v4_c89fc0a034ed9c86.mp4,B,0.2782423198223114,B,1
hastily,speed,FAST,v4speed_hastily_v4_ex_000528_0_1,advance the block hastily,data/raw/v4_new_axes/videos/v4_7cb99b1adce562e0.mp4,data/raw/v4_new_axes/videos/v4_c89fc0a034ed9c86.mp4,B,0.036585304886102676,B,1
hastily,speed,FAST,v4speed_hastily_v4_ex_000528_0_2,translate the block hastily,data/raw/v4_new_axes/videos/v4_7cb99b1adce562e0.mp4,data/raw/v4_new_axes/videos/v4_c89fc0a034ed9c86.mp4,B,0.14383336901664734,B,1
leisurely,speed,SLOW,v4speed_leisurely_v4_ex_000030_1_0,shift the block leisurely,data/raw/v4_new_axes/videos/v4_b6ac82a859556f46.mp4,data/raw/v4_new_axes/videos/v4_a3505ba1c9d88246.mp4,B,0.035714104771614075,B,1
leisurely,speed,SLOW,v4speed_leisurely_v4_ex_000030_1_1,advance the block leisurely,data/raw/v4_new_axes/videos/v4_b6ac82a859556f46.mp4,data/raw/v4_new_axes/videos/v4_a3505ba1c9d88246.mp4,A,0.6257718205451965,B,0
leisurely,speed,SLOW,v4speed_leisurely_v4_ex_000030_1_2,translate the block leisurely,data/raw/v4_new_axes/videos/v4_b6ac82a859556f46.mp4,data/raw/v4_new_axes/videos/v4_a3505ba1c9d88246.mp4,B,0.027639171108603477,B,1
leisurely,speed,SLOW,v4speed_leisurely_v4_ex_000046_1_0,shift the block leisurely,data/raw/v4_new_axes/videos/v4_6f5ecdaf29e712db.mp4,data/raw/v4_new_axes/videos/v4_e4dd2fb7796d39bc.mp4,A,0.9410123229026794,A,1
leisurely,speed,SLOW,v4speed_leisurely_v4_ex_000046_1_1,advance the block leisurely,data/raw/v4_new_axes/videos/v4_6f5ecdaf29e712db.mp4,data/raw/v4_new_axes/videos/v4_e4dd2fb7796d39bc.mp4,B,0.20744898915290833,A,0
leisurely,speed,SLOW,v4speed_leisurely_v4_ex_000046_1_2,translate the block leisurely,data/raw/v4_new_axes/videos/v4_6f5ecdaf29e712db.mp4,data/raw/v4_new_axes/videos/v4_e4dd2fb7796d39bc.mp4,A,0.9268301129341125,A,1
leisurely,speed,SLOW,v4speed_leisurely_v4_ex_000069_1_0,shift the block leisurely,data/raw/v4_new_axes/videos/v4_33fbc2dfa54a0fe5.mp4,data/raw/v4_new_axes/videos/v4_611c81e1a569f387.mp4,B,0.03403651341795921,B,1
leisurely,speed,SLOW,v4speed_leisurely_v4_ex_000069_1_1,advance the block leisurely,data/raw/v4_new_axes/videos/v4_33fbc2dfa54a0fe5.mp4,data/raw/v4_new_axes/videos/v4_611c81e1a569f387.mp4,A,0.5807285904884338,B,0
leisurely,speed,SLOW,v4speed_leisurely_v4_ex_000069_1_2,translate the block leisurely,data/raw/v4_new_axes/videos/v4_33fbc2dfa54a0fe5.mp4,data/raw/v4_new_axes/videos/v4_611c81e1a569f387.mp4,B,0.032210953533649445,B,1
leisurely,speed,SLOW,v4speed_leisurely_v4_ex_000080_0_0,shift the block leisurely,data/raw/v4_new_axes/videos/v4_029424a3c8971b49.mp4,data/raw/v4_new_axes/videos/v4_6ca48f6167fccc34.mp4,A,0.9250953197479248,A,1
leisurely,speed,SLOW,v4speed_leisurely_v4_ex_000080_0_1,advance the block leisurely,data/raw/v4_new_axes/videos/v4_029424a3c8971b49.mp4,data/raw/v4_new_axes/videos/v4_6ca48f6167fccc34.mp4,B,0.18180972337722778,A,0
leisurely,speed,SLOW,v4speed_leisurely_v4_ex_000080_0_2,translate the block leisurely,data/raw/v4_new_axes/videos/v4_029424a3c8971b49.mp4,data/raw/v4_new_axes/videos/v4_6ca48f6167fccc34.mp4,A,0.8847901821136475,A,1
leisurely,speed,SLOW,v4speed_leisurely_v4_ex_000173_1_0,shift the block leisurely,data/raw/v4_new_axes/videos/v4_5f01ed55d36cb797.mp4,data/raw/v4_new_axes/videos/v4_6d638619ed6bf297.mp4,B,0.08727392554283142,B,1
leisurely,speed,SLOW,v4speed_leisurely_v4_ex_000173_1_1,advance the block leisurely,data/raw/v4_new_axes/videos/v4_5f01ed55d36cb797.mp4,data/raw/v4_new_axes/videos/v4_6d638619ed6bf297.mp4,A,0.6960646510124207,B,0
leisurely,speed,SLOW,v4speed_leisurely_v4_ex_000173_1_2,translate the block leisurely,data/raw/v4_new_axes/videos/v4_5f01ed55d36cb797.mp4,data/raw/v4_new_axes/videos/v4_6d638619ed6bf297.mp4,B,0.1035839095711708,B,1
leisurely,speed,SLOW,v4speed_leisurely_v4_ex_000223_0_0,shift the block leisurely,data/raw/v4_new_axes/videos/v4_171f8cc039fda248.mp4,data/raw/v4_new_axes/videos/v4_0752f37f5e5322ce.mp4,A,0.9608360528945923,A,1
leisurely,speed,SLOW,v4speed_leisurely_v4_ex_000223_0_1,advance the block leisurely,data/raw/v4_new_axes/videos/v4_171f8cc039fda248.mp4,data/raw/v4_new_axes/videos/v4_0752f37f5e5322ce.mp4,B,0.21114754676818848,A,0
leisurely,speed,SLOW,v4speed_leisurely_v4_ex_000223_0_2,translate the block leisurely,data/raw/v4_new_axes/videos/v4_171f8cc039fda248.mp4,data/raw/v4_new_axes/videos/v4_0752f37f5e5322ce.mp4,A,0.9390301704406738,A,1
leisurely,speed,SLOW,v4speed_leisurely_v4_ex_000228_1_0,shift the block leisurely,data/raw/v4_new_axes/videos/v4_605ebeadc16338ee.mp4,data/raw/v4_new_axes/videos/v4_d750987769419361.mp4,A,0.9601481556892395,A,1
leisurely,speed,SLOW,v4speed_leisurely_v4_ex_000228_1_1,advance the block leisurely,data/raw/v4_new_axes/videos/v4_605ebeadc16338ee.mp4,data/raw/v4_new_axes/videos/v4_d750987769419361.mp4,B,0.1914883553981781,A,0
leisurely,speed,SLOW,v4speed_leisurely_v4_ex_000228_1_2,translate the block leisurely,data/raw/v4_new_axes/videos/v4_605ebeadc16338ee.mp4,data/raw/v4_new_axes/videos/v4_d750987769419361.mp4,A,0.944827139377594,A,1
leisurely,speed,SLOW,v4speed_leisurely_v4_ex_000240_1_0,shift the block leisurely,data/raw/v4_new_axes/videos/v4_5f7b21b8383eb5f2.mp4,data/raw/v4_new_axes/videos/v4_cd482072032f1197.mp4,B,0.030497992411255836,B,1
leisurely,speed,SLOW,v4speed_leisurely_v4_ex_000240_1_1,advance the block leisurely,data/raw/v4_new_axes/videos/v4_5f7b21b8383eb5f2.mp4,data/raw/v4_new_axes/videos/v4_cd482072032f1197.mp4,A,0.8118687868118286,B,0
leisurely,speed,SLOW,v4speed_leisurely_v4_ex_000240_1_2,translate the block leisurely,data/raw/v4_new_axes/videos/v4_5f7b21b8383eb5f2.mp4,data/raw/v4_new_axes/videos/v4_cd482072032f1197.mp4,B,0.047403473407030106,B,1
leisurely,speed,SLOW,v4speed_leisurely_v4_ex_000315_1_0,shift the block leisurely,data/raw/v4_new_axes/videos/v4_a6f195234a7eb4ec.mp4,data/raw/v4_new_axes/videos/v4_847055765a8ba105.mp4,B,0.08252041786909103,B,1
leisurely,speed,SLOW,v4speed_leisurely_v4_ex_000315_1_1,advance the block leisurely,data/raw/v4_new_axes/videos/v4_a6f195234a7eb4ec.mp4,data/raw/v4_new_axes/videos/v4_847055765a8ba105.mp4,A,0.762618899345398,B,0
leisurely,speed,SLOW,v4speed_leisurely_v4_ex_000315_1_2,translate the block leisurely,data/raw/v4_new_axes/videos/v4_a6f195234a7eb4ec.mp4,data/raw/v4_new_axes/videos/v4_847055765a8ba105.mp4,B,0.10478173941373825,B,1
leisurely,speed,SLOW,v4speed_leisurely_v4_ex_000331_0_0,shift the block leisurely,data/raw/v4_new_axes/videos/v4_729c01a453674eb2.mp4,data/raw/v4_new_axes/videos/v4_0f92da05226c824c.mp4,A,0.8446584343910217,A,1
leisurely,speed,SLOW,v4speed_leisurely_v4_ex_000331_0_1,advance the block leisurely,data/raw/v4_new_axes/videos/v4_729c01a453674eb2.mp4,data/raw/v4_new_axes/videos/v4_0f92da05226c824c.mp4,B,0.23795174062252045,A,0
leisurely,speed,SLOW,v4speed_leisurely_v4_ex_000331_0_2,translate the block leisurely,data/raw/v4_new_axes/videos/v4_729c01a453674eb2.mp4,data/raw/v4_new_axes/videos/v4_0f92da05226c824c.mp4,A,0.6505954265594482,A,1
leisurely,speed,SLOW,v4speed_leisurely_v4_ex_000341_0_0,shift the block leisurely,data/raw/v4_new_axes/videos/v4_744f7c25b415ea5b.mp4,data/raw/v4_new_axes/videos/v4_758ea6b1d6ad08bf.mp4,A,0.9361090660095215,A,1
leisurely,speed,SLOW,v4speed_leisurely_v4_ex_000341_0_1,advance the block leisurely,data/raw/v4_new_axes/videos/v4_744f7c25b415ea5b.mp4,data/raw/v4_new_axes/videos/v4_758ea6b1d6ad08bf.mp4,B,0.23853440582752228,A,0
leisurely,speed,SLOW,v4speed_leisurely_v4_ex_000341_0_2,translate the block leisurely,data/raw/v4_new_axes/videos/v4_744f7c25b415ea5b.mp4,data/raw/v4_new_axes/videos/v4_758ea6b1d6ad08bf.mp4,A,0.9302549958229065,A,1
leisurely,speed,SLOW,v4speed_leisurely_v4_ex_000349_0_0,shift the block leisurely,data/raw/v4_new_axes/videos/v4_6c9a3d4e0ec5ff3d.mp4,data/raw/v4_new_axes/videos/v4_9cfb5f92f07f9964.mp4,B,0.02982642501592636,B,1
leisurely,speed,SLOW,v4speed_leisurely_v4_ex_000349_0_1,advance the block leisurely,data/raw/v4_new_axes/videos/v4_6c9a3d4e0ec5ff3d.mp4,data/raw/v4_new_axes/videos/v4_9cfb5f92f07f9964.mp4,A,0.8343935608863831,B,0
leisurely,speed,SLOW,v4speed_leisurely_v4_ex_000349_0_2,translate the block leisurely,data/raw/v4_new_axes/videos/v4_6c9a3d4e0ec5ff3d.mp4,data/raw/v4_new_axes/videos/v4_9cfb5f92f07f9964.mp4,B,0.05513538420200348,B,1
leisurely,speed,SLOW,v4speed_leisurely_v4_ex_000525_0_0,shift the block leisurely,data/raw/v4_new_axes/videos/v4_93dca72d5f45fd9a.mp4,data/raw/v4_new_axes/videos/v4_819a68b3cbeaaf45.mp4,B,0.07226167619228363,B,1
leisurely,speed,SLOW,v4speed_leisurely_v4_ex_000525_0_1,advance the block leisurely,data/raw/v4_new_axes/videos/v4_93dca72d5f45fd9a.mp4,data/raw/v4_new_axes/videos/v4_819a68b3cbeaaf45.mp4,A,0.757627546787262,B,0
leisurely,speed,SLOW,v4speed_leisurely_v4_ex_000525_0_2,translate the block leisurely,data/raw/v4_new_axes/videos/v4_93dca72d5f45fd9a.mp4,data/raw/v4_new_axes/videos/v4_819a68b3cbeaaf45.mp4,B,0.10049527138471603,B,1
leisurely,speed,SLOW,v4speed_leisurely_v4_ex_000528_1_0,shift the block leisurely,data/raw/v4_new_axes/videos/v4_7cb99b1adce562e0.mp4,data/raw/v4_new_axes/videos/v4_c89fc0a034ed9c86.mp4,A,0.7232640385627747,A,1
leisurely,speed,SLOW,v4speed_leisurely_v4_ex_000528_1_1,advance the block leisurely,data/raw/v4_new_axes/videos/v4_7cb99b1adce562e0.mp4,data/raw/v4_new_axes/videos/v4_c89fc0a034ed9c86.mp4,B,0.3398189842700958,A,0
leisurely,speed,SLOW,v4speed_leisurely_v4_ex_000528_1_2,translate the block leisurely,data/raw/v4_new_axes/videos/v4_7cb99b1adce562e0.mp4,data/raw/v4_new_axes/videos/v4_c89fc0a034ed9c86.mp4,A,0.6731628775596619,A,1
languidly,speed,SLOW,v4speed_languidly_v4_ex_000030_1_0,shift the block languidly,data/raw/v4_new_axes/videos/v4_b6ac82a859556f46.mp4,data/raw/v4_new_axes/videos/v4_a3505ba1c9d88246.mp4,B,0.012490763328969479,B,1
languidly,speed,SLOW,v4speed_languidly_v4_ex_000030_1_1,advance the block languidly,data/raw/v4_new_axes/videos/v4_b6ac82a859556f46.mp4,data/raw/v4_new_axes/videos/v4_a3505ba1c9d88246.mp4,A,0.6642460823059082,B,0
languidly,speed,SLOW,v4speed_languidly_v4_ex_000030_1_2,translate the block languidly,data/raw/v4_new_axes/videos/v4_b6ac82a859556f46.mp4,data/raw/v4_new_axes/videos/v4_a3505ba1c9d88246.mp4,B,0.10674193501472473,B,1
languidly,speed,SLOW,v4speed_languidly_v4_ex_000046_1_0,shift the block languidly,data/raw/v4_new_axes/videos/v4_6f5ecdaf29e712db.mp4,data/raw/v4_new_axes/videos/v4_e4dd2fb7796d39bc.mp4,A,0.9903698563575745,A,1
languidly,speed,SLOW,v4speed_languidly_v4_ex_000046_1_1,advance the block languidly,data/raw/v4_new_axes/videos/v4_6f5ecdaf29e712db.mp4,data/raw/v4_new_axes/videos/v4_e4dd2fb7796d39bc.mp4,B,0.3033919036388397,A,0
languidly,speed,SLOW,v4speed_languidly_v4_ex_000046_1_2,translate the block languidly,data/raw/v4_new_axes/videos/v4_6f5ecdaf29e712db.mp4,data/raw/v4_new_axes/videos/v4_e4dd2fb7796d39bc.mp4,A,0.8277674913406372,A,1
languidly,speed,SLOW,v4speed_languidly_v4_ex_000069_1_0,shift the block languidly,data/raw/v4_new_axes/videos/v4_33fbc2dfa54a0fe5.mp4,data/raw/v4_new_axes/videos/v4_611c81e1a569f387.mp4,B,0.02223210781812668,B,1
languidly,speed,SLOW,v4speed_languidly_v4_ex_000069_1_1,advance the block languidly,data/raw/v4_new_axes/videos/v4_33fbc2dfa54a0fe5.mp4,data/raw/v4_new_axes/videos/v4_611c81e1a569f387.mp4,A,0.7193803787231445,B,0
languidly,speed,SLOW,v4speed_languidly_v4_ex_000069_1_2,translate the block languidly,data/raw/v4_new_axes/videos/v4_33fbc2dfa54a0fe5.mp4,data/raw/v4_new_axes/videos/v4_611c81e1a569f387.mp4,B,0.14912407100200653,B,1
languidly,speed,SLOW,v4speed_languidly_v4_ex_000080_0_0,shift the block languidly,data/raw/v4_new_axes/videos/v4_029424a3c8971b49.mp4,data/raw/v4_new_axes/videos/v4_6ca48f6167fccc34.mp4,A,0.9929676055908203,A,1
languidly,speed,SLOW,v4speed_languidly_v4_ex_000080_0_1,advance the block languidly,data/raw/v4_new_axes/videos/v4_029424a3c8971b49.mp4,data/raw/v4_new_axes/videos/v4_6ca48f6167fccc34.mp4,B,0.39592796564102173,A,0
languidly,speed,SLOW,v4speed_languidly_v4_ex_000080_0_2,translate the block languidly,data/raw/v4_new_axes/videos/v4_029424a3c8971b49.mp4,data/raw/v4_new_axes/videos/v4_6ca48f6167fccc34.mp4,A,0.8311126828193665,A,1
languidly,speed,SLOW,v4speed_languidly_v4_ex_000173_1_0,shift the block languidly,data/raw/v4_new_axes/videos/v4_5f01ed55d36cb797.mp4,data/raw/v4_new_axes/videos/v4_6d638619ed6bf297.mp4,B,0.0294669009745121,B,1
languidly,speed,SLOW,v4speed_languidly_v4_ex_000173_1_1,advance the block languidly,data/raw/v4_new_axes/videos/v4_5f01ed55d36cb797.mp4,data/raw/v4_new_axes/videos/v4_6d638619ed6bf297.mp4,A,0.5757157802581787,B,0
languidly,speed,SLOW,v4speed_languidly_v4_ex_000173_1_2,translate the block languidly,data/raw/v4_new_axes/videos/v4_5f01ed55d36cb797.mp4,data/raw/v4_new_axes/videos/v4_6d638619ed6bf297.mp4,B,0.1625310778617859,B,1
languidly,speed,SLOW,v4speed_languidly_v4_ex_000223_0_0,shift the block languidly,data/raw/v4_new_axes/videos/v4_171f8cc039fda248.mp4,data/raw/v4_new_axes/videos/v4_0752f37f5e5322ce.mp4,A,0.9950122237205505,A,1
languidly,speed,SLOW,v4speed_languidly_v4_ex_000223_0_1,advance the block languidly,data/raw/v4_new_axes/videos/v4_171f8cc039fda248.mp4,data/raw/v4_new_axes/videos/v4_0752f37f5e5322ce.mp4,B,0.3532445728778839,A,0
languidly,speed,SLOW,v4speed_languidly_v4_ex_000223_0_2,translate the block languidly,data/raw/v4_new_axes/videos/v4_171f8cc039fda248.mp4,data/raw/v4_new_axes/videos/v4_0752f37f5e5322ce.mp4,A,0.8610220551490784,A,1
languidly,speed,SLOW,v4speed_languidly_v4_ex_000228_1_0,shift the block languidly,data/raw/v4_new_axes/videos/v4_605ebeadc16338ee.mp4,data/raw/v4_new_axes/videos/v4_d750987769419361.mp4,A,0.9936175346374512,A,1
languidly,speed,SLOW,v4speed_languidly_v4_ex_000228_1_1,advance the block languidly,data/raw/v4_new_axes/videos/v4_605ebeadc16338ee.mp4,data/raw/v4_new_axes/videos/v4_d750987769419361.mp4,B,0.2975025177001953,A,0
languidly,speed,SLOW,v4speed_languidly_v4_ex_000228_1_2,translate the block languidly,data/raw/v4_new_axes/videos/v4_605ebeadc16338ee.mp4,data/raw/v4_new_axes/videos/v4_d750987769419361.mp4,A,0.8555201888084412,A,1
languidly,speed,SLOW,v4speed_languidly_v4_ex_000240_1_0,shift the block languidly,data/raw/v4_new_axes/videos/v4_5f7b21b8383eb5f2.mp4,data/raw/v4_new_axes/videos/v4_cd482072032f1197.mp4,B,0.003139302134513855,B,1
languidly,speed,SLOW,v4speed_languidly_v4_ex_000240_1_1,advance the block languidly,data/raw/v4_new_axes/videos/v4_5f7b21b8383eb5f2.mp4,data/raw/v4_new_axes/videos/v4_cd482072032f1197.mp4,A,0.6410035490989685,B,0
languidly,speed,SLOW,v4speed_languidly_v4_ex_000240_1_2,translate the block languidly,data/raw/v4_new_axes/videos/v4_5f7b21b8383eb5f2.mp4,data/raw/v4_new_axes/videos/v4_cd482072032f1197.mp4,B,0.09478913247585297,B,1
languidly,speed,SLOW,v4speed_languidly_v4_ex_000315_1_0,shift the block languidly,data/raw/v4_new_axes/videos/v4_a6f195234a7eb4ec.mp4,data/raw/v4_new_axes/videos/v4_847055765a8ba105.mp4,B,0.016487162560224533,B,1
languidly,speed,SLOW,v4speed_languidly_v4_ex_000315_1_1,advance the block languidly,data/raw/v4_new_axes/videos/v4_a6f195234a7eb4ec.mp4,data/raw/v4_new_axes/videos/v4_847055765a8ba105.mp4,A,0.6285045146942139,B,0
languidly,speed,SLOW,v4speed_languidly_v4_ex_000315_1_2,translate the block languidly,data/raw/v4_new_axes/videos/v4_a6f195234a7eb4ec.mp4,data/raw/v4_new_axes/videos/v4_847055765a8ba105.mp4,B,0.17708225548267365,B,1
languidly,speed,SLOW,v4speed_languidly_v4_ex_000331_0_0,shift the block languidly,data/raw/v4_new_axes/videos/v4_729c01a453674eb2.mp4,data/raw/v4_new_axes/videos/v4_0f92da05226c824c.mp4,A,0.9564831852912903,A,1
languidly,speed,SLOW,v4speed_languidly_v4_ex_000331_0_1,advance the block languidly,data/raw/v4_new_axes/videos/v4_729c01a453674eb2.mp4,data/raw/v4_new_axes/videos/v4_0f92da05226c824c.mp4,B,0.445209264755249,A,0
languidly,speed,SLOW,v4speed_languidly_v4_ex_000331_0_2,translate the block languidly,data/raw/v4_new_axes/videos/v4_729c01a453674eb2.mp4,data/raw/v4_new_axes/videos/v4_0f92da05226c824c.mp4,A,0.6707376837730408,A,1
languidly,speed,SLOW,v4speed_languidly_v4_ex_000341_0_0,shift the block languidly,data/raw/v4_new_axes/videos/v4_744f7c25b415ea5b.mp4,data/raw/v4_new_axes/videos/v4_758ea6b1d6ad08bf.mp4,A,0.9839738011360168,A,1
languidly,speed,SLOW,v4speed_languidly_v4_ex_000341_0_1,advance the block languidly,data/raw/v4_new_axes/videos/v4_744f7c25b415ea5b.mp4,data/raw/v4_new_axes/videos/v4_758ea6b1d6ad08bf.mp4,B,0.29592451453208923,A,0
languidly,speed,SLOW,v4speed_languidly_v4_ex_000341_0_2,translate the block languidly,data/raw/v4_new_axes/videos/v4_744f7c25b415ea5b.mp4,data/raw/v4_new_axes/videos/v4_758ea6b1d6ad08bf.mp4,A,0.8192216157913208,A,1
languidly,speed,SLOW,v4speed_languidly_v4_ex_000349_0_0,shift the block languidly,data/raw/v4_new_axes/videos/v4_6c9a3d4e0ec5ff3d.mp4,data/raw/v4_new_axes/videos/v4_9cfb5f92f07f9964.mp4,B,0.0022872439585626125,B,1
languidly,speed,SLOW,v4speed_languidly_v4_ex_000349_0_1,advance the block languidly,data/raw/v4_new_axes/videos/v4_6c9a3d4e0ec5ff3d.mp4,data/raw/v4_new_axes/videos/v4_9cfb5f92f07f9964.mp4,A,0.6401535272598267,B,0
languidly,speed,SLOW,v4speed_languidly_v4_ex_000349_0_2,translate the block languidly,data/raw/v4_new_axes/videos/v4_6c9a3d4e0ec5ff3d.mp4,data/raw/v4_new_axes/videos/v4_9cfb5f92f07f9964.mp4,B,0.09812167286872864,B,1
languidly,speed,SLOW,v4speed_languidly_v4_ex_000525_0_0,shift the block languidly,data/raw/v4_new_axes/videos/v4_93dca72d5f45fd9a.mp4,data/raw/v4_new_axes/videos/v4_819a68b3cbeaaf45.mp4,B,0.012163315899670124,B,1
languidly,speed,SLOW,v4speed_languidly_v4_ex_000525_0_1,advance the block languidly,data/raw/v4_new_axes/videos/v4_93dca72d5f45fd9a.mp4,data/raw/v4_new_axes/videos/v4_819a68b3cbeaaf45.mp4,A,0.5901747941970825,B,0
languidly,speed,SLOW,v4speed_languidly_v4_ex_000525_0_2,translate the block languidly,data/raw/v4_new_axes/videos/v4_93dca72d5f45fd9a.mp4,data/raw/v4_new_axes/videos/v4_819a68b3cbeaaf45.mp4,B,0.16117985546588898,B,1
languidly,speed,SLOW,v4speed_languidly_v4_ex_000528_1_0,shift the block languidly,data/raw/v4_new_axes/videos/v4_7cb99b1adce562e0.mp4,data/raw/v4_new_axes/videos/v4_c89fc0a034ed9c86.mp4,A,0.7943528890609741,A,1
languidly,speed,SLOW,v4speed_languidly_v4_ex_000528_1_1,advance the block languidly,data/raw/v4_new_axes/videos/v4_7cb99b1adce562e0.mp4,data/raw/v4_new_axes/videos/v4_c89fc0a034ed9c86.mp4,B,0.34387749433517456,A,0
languidly,speed,SLOW,v4speed_languidly_v4_ex_000528_1_2,translate the block languidly,data/raw/v4_new_axes/videos/v4_7cb99b1adce562e0.mp4,data/raw/v4_new_axes/videos/v4_c89fc0a034ed9c86.mp4,A,0.5486422777175903,A,1
